User_ID,Page_Views,Clicks,Web_Sessions,Avg_Resolution_Time,Tickets_Resolved,Total_Spent,Transactions,Engagement_Score,Churn_Risk
U0001,2,1,1,23.0,0.0,749.5699999999999,2.0,4,High
U0002,4,2,1,0.0,0.0,0.0,0.0,7,High
U0003,12,2,1,8.0,0.0,0.0,0.0,15,Medium
U0004,12,9,1,0.0,0.0,0.0,0.0,22,Low
U0005,10,7,1,14.0,1.0,466.85,1.0,18,Medium
U0006,1,1,1,0.0,0.0,257.23,1.0,3,High
U0007,4,1,1,0.0,0.0,815.36,2.0,6,High
U0008,4,4,1,36.0,0.0,492.29,1.0,9,High
U0009,8,5,1,0.0,0.0,148.1,1.0,14,Medium
U0010,13,13,1,16.0,1.0,668.87,2.0,27,Low
U0011,12,7,1,0.0,0.0,0.0,0.0,20,Low
U0012,5,2,1,33.0,0.0,108.58,1.0,8,High
U0013,13,6,1,17.0,2.0,1284.97,4.0,20,Low
U0014,2,2,1,40.0,0.0,963.0999999999999,3.0,5,High
U0015,6,3,1,0.0,0.0,1105.53,4.0,10,Medium
U0016,5,1,1,0.0,0.0,400.64000000000004,2.0,7,High
U0017,9,2,1,5.5,2.0,413.36,2.0,12,Medium
U0018,2,2,1,18.0,1.0,0.0,0.0,5,Medium
U0019,10,6,1,0.0,0.0,345.31,1.0,17,Medium
U0020,4,1,1,0.0,0.0,82.94,1.0,6,High
U0021,11,4,1,1.0,0.0,459.57,2.0,16,Medium
U0022,2,1,1,0.0,0.0,560.98,2.0,4,High
U0023,7,3,1,9.0,1.0,625.23,2.0,11,Medium
U0024,11,6,1,0.0,0.0,0.0,0.0,18,Medium
U0025,6,3,1,0.0,0.0,55.05,1.0,10,Medium
U0026,11,5,1,33.0,0.0,353.29,2.0,17,Medium
U0027,15,11,1,41.0,0.0,726.36,3.0,27,Low
U0028,2,1,1,0.0,0.0,156.03,1.0,4,High
U0029,12,4,1,0.0,0.0,301.3,2.0,17,Medium
U0030,8,7,1,0.0,0.0,786.47,3.0,16,Medium
U0031,15,11,1,31.0,0.0,0.0,0.0,27,Low
U0032,9,4,1,36.0,1.0,0.0,0.0,14,Medium
U0033,6,1,1,0.0,0.0,630.1099999999999,2.0,8,High
U0034,14,1,1,24.0,1.0,0.0,0.0,16,Medium
U0035,7,3,1,0.0,0.0,0.0,0.0,11,Medium
U0036,4,3,1,0.0,0.0,0.0,0.0,8,High
U0037,11,8,1,0.0,0.0,0.0,0.0,20,Low
U0038,15,15,1,0.0,0.0,1095.15,5.0,31,Low
U0039,8,3,1,20.5,2.0,579.11,2.0,12,Medium
U0040,3,1,1,0.0,0.0,0.0,0.0,5,High
U0041,9,5,1,0.0,0.0,0.0,0.0,15,Medium
U0042,7,5,1,0.0,0.0,269.81,2.0,13,Medium
U0043,6,2,1,0.0,0.0,408.2,1.0,9,High
U0044,9,8,1,39.0,0.0,62.83,1.0,18,Medium
U0045,13,1,1,0.0,0.0,205.1,2.0,15,Medium
U0046,3,3,1,0.0,0.0,107.85,1.0,7,High
U0047,13,11,1,0.0,0.0,553.53,2.0,25,Low
U0048,10,2,1,15.5,1.0,0.0,0.0,13,Medium
U0049,7,5,1,0.0,0.0,498.15,1.0,13,Medium
U0050,9,5,1,0.0,0.0,598.56,2.0,15,Medium
U0051,14,1,1,10.0,1.0,200.8,2.0,16,Medium
U0052,12,2,1,47.0,0.0,368.47,1.0,15,Medium
U0053,15,9,1,44.0,1.0,13.86,1.0,25,Low
U0054,13,11,1,0.0,0.0,364.79,2.0,25,Low
U0055,2,2,1,14.0,1.0,478.85999999999996,3.0,5,Medium
U0056,3,2,1,36.0,1.0,220.57,2.0,6,Medium
U0057,12,12,1,0.0,0.0,0.0,0.0,25,Low
U0058,9,3,1,28.5,1.0,390.07,1.0,13,Medium
U0059,15,2,1,0.0,0.0,258.48,1.0,18,Medium
U0060,5,5,1,0.0,0.0,0.0,0.0,11,Medium
U0061,4,2,1,0.0,0.0,565.77,2.0,7,High
U0062,13,3,1,0.0,0.0,478.25,1.0,17,Medium
U0063,13,9,1,25.0,1.0,378.38,1.0,23,Low
U0064,10,6,1,0.0,0.0,36.85,1.0,17,Medium
U0065,1,1,1,0.0,0.0,723.27,3.0,3,High
U0066,15,14,1,2.0,0.0,0.0,0.0,30,Low
U0067,4,1,1,9.0,1.0,138.15,2.0,6,Medium
U0068,15,10,1,0.0,0.0,1635.95,5.0,26,Low
U0069,2,2,1,0.0,0.0,333.58,1.0,5,High
U0070,13,9,1,0.0,0.0,233.26000000000002,2.0,23,Low
U0071,3,3,1,0.0,0.0,85.96,1.0,7,High
U0072,9,3,1,0.0,0.0,98.81,2.0,13,Medium
U0073,9,7,1,0.0,0.0,366.5,1.0,17,Medium
U0074,15,9,1,0.0,0.0,76.96,1.0,25,Low
U0075,4,3,1,12.0,1.0,282.93,1.0,8,Medium
U0076,11,11,1,2.0,0.0,0.0,0.0,23,Low
U0077,8,8,1,28.0,1.0,0.0,0.0,17,Medium
U0078,4,2,1,31.0,0.0,0.0,0.0,7,High
U0079,6,1,1,0.0,0.0,0.0,0.0,8,High
U0080,9,4,1,34.0,0.0,389.6,1.0,14,Medium
U0081,4,1,1,37.0,0.0,461.72,1.0,6,High
U0082,12,11,1,0.0,0.0,0.0,0.0,24,Low
U0083,4,1,1,0.0,0.0,396.16,2.0,6,High
U0084,14,6,1,20.0,0.0,0.0,0.0,21,Low
U0085,9,4,1,30.0,1.0,509.65999999999997,2.0,14,Medium
U0086,11,8,1,0.0,0.0,0.0,0.0,20,Low
U0087,9,3,1,20.0,1.0,933.88,3.0,13,Medium
U0088,10,8,1,0.0,0.0,1218.41,5.0,19,Medium
U0089,13,8,1,1.0,0.0,460.81000000000006,2.0,22,Low
U0090,4,1,1,0.0,0.0,0.0,0.0,6,High
U0091,11,7,1,21.0,1.0,0.0,0.0,19,Medium
U0092,7,4,1,39.0,0.0,349.59000000000003,2.0,12,Medium
U0093,14,12,1,0.0,0.0,583.4200000000001,2.0,27,Low
U0094,11,11,1,0.0,0.0,490.1,1.0,23,Low
U0095,2,1,1,14.0,0.0,353.22,2.0,4,High
U0096,12,6,1,28.75,2.0,61.11,1.0,19,Medium
U0097,4,2,1,9.0,1.0,569.4,2.0,7,Medium
U0098,9,8,1,0.0,0.0,0.0,0.0,18,Medium
U0099,7,2,1,0.0,0.0,294.22,1.0,10,Medium
U0100,8,4,1,21.0,1.0,588.28,2.0,13,Medium
U0101,8,2,1,0.0,0.0,0.0,0.0,11,Medium
U0102,11,9,1,0.0,0.0,416.85,1.0,21,Low
U0103,2,1,1,0.0,0.0,0.0,0.0,4,High
U0104,7,4,1,11.0,0.0,270.51,1.0,12,Medium
U0105,4,4,1,12.0,0.0,483.45000000000005,2.0,9,High
U0106,3,2,1,0.0,0.0,301.64,1.0,6,High
U0107,7,3,1,27.0,0.0,0.0,0.0,11,Medium
U0108,5,4,1,0.0,0.0,702.35,2.0,10,Medium
U0109,12,9,1,17.0,1.0,204.81,2.0,22,Low
U0110,12,8,1,0.0,0.0,14.5,1.0,21,Low
U0111,4,3,1,0.0,0.0,132.84,1.0,8,High
U0112,1,1,1,0.0,0.0,710.7,3.0,3,High
U0113,1,1,1,0.0,0.0,625.28,2.0,3,High
U0114,8,3,1,0.0,0.0,687.54,3.0,12,Medium
U0115,9,2,1,0.0,0.0,0.0,0.0,12,Medium
U0116,2,1,1,3.0,1.0,458.61,2.0,4,Medium
U0117,14,4,1,1.0,0.0,642.3900000000001,3.0,19,Medium
U0118,2,1,1,0.0,0.0,93.19,1.0,4,High
U0119,10,1,1,20.0,0.0,0.0,0.0,12,Medium
U0120,2,2,1,0.0,0.0,440.91,3.0,5,High
U0121,10,10,1,0.0,0.0,0.0,0.0,21,Low
U0122,6,3,1,0.0,0.0,546.17,2.0,10,Medium
U0123,11,6,1,40.0,1.0,203.46,1.0,18,Medium
U0124,5,4,1,0.0,0.0,119.81,1.0,10,Medium
U0125,11,11,1,0.0,0.0,272.3,1.0,23,Low
U0126,8,6,1,0.0,0.0,420.67,1.0,15,Medium
U0127,1,1,1,37.0,0.0,119.9,2.0,3,High
U0128,10,2,1,0.0,0.0,336.3,1.0,13,Medium
U0129,9,4,1,0.0,0.0,124.01,1.0,14,Medium
U0130,5,2,1,2.0,0.0,0.0,0.0,8,High
U0131,15,2,1,0.0,0.0,867.89,2.0,18,Medium
U0132,6,3,1,7.0,0.0,180.95,1.0,10,Medium
U0133,8,5,1,0.0,0.0,261.46,1.0,14,Medium
U0134,13,11,1,1.0,0.0,458.81,2.0,25,Low
U0135,1,1,1,2.0,1.0,364.27,1.0,3,Medium
U0136,2,1,1,0.0,0.0,0.0,0.0,4,High
U0137,2,1,1,0.0,0.0,397.62,1.0,4,High
U0138,3,2,1,34.0,1.0,830.47,3.0,6,Medium
U0139,10,4,1,28.0,1.0,0.0,0.0,15,Medium
U0140,4,3,1,41.0,0.0,64.07,1.0,8,High
U0141,8,5,1,5.0,1.0,39.64,1.0,14,Medium
U0142,2,2,1,0.0,0.0,402.44,2.0,5,High
U0143,1,1,1,16.0,0.0,585.1500000000001,2.0,3,High
U0144,13,3,1,17.0,1.0,0.0,0.0,17,Medium
U0145,5,2,1,0.0,0.0,0.0,0.0,8,High
U0146,9,7,1,0.0,0.0,491.95,1.0,17,Medium
U0147,1,1,1,0.0,0.0,0.0,0.0,3,High
U0148,15,12,1,36.0,0.0,428.21,2.0,28,Low
U0149,9,1,1,0.0,0.0,0.0,0.0,11,Medium
U0150,10,9,1,7.5,2.0,235.91,1.0,20,Low
U0151,7,2,1,0.0,0.0,310.11,2.0,10,Medium
U0152,5,3,1,15.5,0.0,324.07,2.0,9,High
U0153,15,6,1,47.0,1.0,479.44,1.0,22,Low
U0154,11,4,1,7.0,1.0,0.0,0.0,16,Medium
U0155,2,2,1,4.0,1.0,0.0,0.0,5,Medium
U0156,15,14,1,0.0,0.0,233.94,2.0,30,Low
U0157,10,3,1,0.0,0.0,0.0,0.0,14,Medium
U0158,14,3,1,48.0,0.0,476.56,1.0,18,Medium
U0159,15,7,1,0.0,0.0,0.0,0.0,23,Low
U0160,3,3,1,29.0,0.0,300.76,2.0,7,High
U0161,13,7,1,0.0,0.0,251.17,1.0,21,Low
U0162,14,12,1,0.0,0.0,0.0,0.0,27,Low
U0163,5,2,1,0.0,0.0,658.63,2.0,8,High
U0164,2,2,1,0.0,0.0,76.85,1.0,5,High
U0165,14,8,1,23.0,1.0,0.0,0.0,23,Low
U0166,4,4,1,21.0,0.0,67.29,1.0,9,High
U0167,5,2,1,0.0,0.0,489.59,2.0,8,High
U0168,1,1,1,25.0,1.0,367.02,1.0,3,Medium
U0169,6,3,1,0.0,0.0,162.29,1.0,10,Medium
U0170,13,5,1,0.0,0.0,0.0,0.0,19,Medium
U0171,11,9,1,0.0,0.0,279.48,1.0,21,Low
U0172,11,9,1,30.75,1.0,268.03,2.0,21,Low
U0173,1,1,1,16.0,1.0,488.75,2.0,3,Medium
U0174,3,3,1,0.0,0.0,0.0,0.0,7,High
U0175,1,1,1,0.0,0.0,607.0799999999999,3.0,3,High
U0176,7,3,1,0.0,0.0,564.5,3.0,11,Medium
U0177,7,5,1,12.0,0.0,24.09,1.0,13,Medium
U0178,2,2,1,8.5,2.0,414.6,1.0,5,Medium
U0179,4,3,1,0.0,0.0,469.51,2.0,8,High
U0180,12,7,1,18.0,1.0,283.81,1.0,20,Low
U0181,9,9,1,48.0,0.0,101.34,1.0,19,Medium
U0182,12,12,1,27.0,1.0,0.0,0.0,25,Low
U0183,4,3,1,0.0,0.0,936.4,4.0,8,High
U0184,2,2,1,26.25,2.0,798.62,2.0,5,Medium
U0185,6,6,1,39.0,1.0,847.01,2.0,13,Medium
U0186,12,5,1,23.0,1.0,0.0,0.0,18,Medium
U0187,5,4,1,40.0,1.0,421.27,1.0,10,Medium
U0188,7,6,1,33.0,0.0,251.44,2.0,14,Medium
U0189,9,3,1,34.0,1.0,706.99,2.0,13,Medium
U0190,7,6,1,24.0,1.0,0.0,0.0,14,Medium
U0191,11,3,1,26.0,1.0,561.56,2.0,15,Medium
U0192,10,5,1,40.0,1.0,111.3,2.0,16,Medium
U0193,9,1,1,14.0,0.0,72.28,2.0,11,Medium
U0194,5,2,1,26.0,1.0,243.11,1.0,8,Medium
U0195,13,10,1,0.0,0.0,326.83,2.0,24,Low
U0196,11,6,1,0.0,0.0,0.0,0.0,18,Medium
U0197,8,8,1,0.0,0.0,21.33,1.0,17,Medium
U0198,4,4,1,0.0,0.0,607.37,2.0,9,High
U0199,11,2,1,43.0,1.0,546.9,2.0,14,Medium
U0200,9,6,1,33.5,1.0,50.09,1.0,16,Medium
U0201,14,13,1,0.0,0.0,802.8399999999999,2.0,28,Low
U0202,11,5,1,17.0,0.0,0.0,0.0,17,Medium
U0203,13,4,1,22.0,0.0,99.17,1.0,18,Medium
U0204,1,1,1,0.0,0.0,0.0,0.0,3,High
U0205,8,2,1,0.0,0.0,577.54,2.0,11,Medium
U0206,7,6,1,46.0,1.0,377.46,1.0,14,Medium
U0207,4,4,1,39.0,0.0,582.26,2.0,9,High
U0208,7,2,1,0.0,0.0,72.33,1.0,10,Medium
U0209,11,1,1,0.0,0.0,0.0,0.0,13,Medium
U0210,13,7,1,0.0,0.0,28.57,1.0,21,Low
U0211,3,3,1,0.0,0.0,235.09,1.0,7,High
U0212,8,1,1,0.0,0.0,181.66,1.0,10,Medium
U0213,4,1,1,0.0,0.0,242.56,1.0,6,High
U0214,3,2,1,0.0,0.0,0.0,0.0,6,High
U0215,9,9,1,0.0,0.0,738.8,3.0,19,Medium
U0216,6,4,1,25.5,1.0,0.0,0.0,11,Medium
U0217,14,12,1,31.0,0.0,0.0,0.0,27,Low
U0218,7,7,1,0.0,0.0,117.85,1.0,15,Medium
U0219,8,3,1,0.0,0.0,0.0,0.0,12,Medium
U0220,8,5,1,0.0,0.0,0.0,0.0,14,Medium
U0221,14,11,1,26.0,0.0,0.0,0.0,26,Low
U0222,13,13,1,0.0,0.0,158.14,1.0,27,Low
U0223,8,4,1,0.0,0.0,0.0,0.0,13,Medium
U0224,8,2,1,0.0,0.0,325.24,1.0,11,Medium
U0225,4,3,1,0.0,0.0,364.95000000000005,2.0,8,High
U0226,6,5,1,0.0,0.0,706.27,2.0,12,Medium
U0227,3,1,1,0.0,0.0,0.0,0.0,5,High
U0228,7,6,1,0.0,0.0,581.8299999999999,2.0,14,Medium
U0229,12,4,1,25.0,0.0,0.0,0.0,17,Medium
U0230,7,4,1,27.0,0.0,397.7,1.0,12,Medium
U0231,9,8,1,0.0,0.0,177.48,1.0,18,Medium
U0232,1,1,1,30.0,0.0,210.21,1.0,3,High
U0233,7,7,1,0.0,0.0,0.0,0.0,15,Medium
U0234,12,1,1,3.0,1.0,0.0,0.0,14,Medium
U0235,7,4,1,0.0,0.0,0.0,0.0,12,Medium
U0236,6,3,1,9.0,1.0,169.8,1.0,10,Medium
U0237,14,14,1,0.0,0.0,730.96,2.0,29,Low
U0238,9,9,1,24.0,1.0,386.52,2.0,19,Medium
U0239,15,4,1,0.0,0.0,1115.3,3.0,20,Low
U0240,4,3,1,9.0,1.0,0.0,0.0,8,Medium
U0241,8,1,1,0.0,0.0,162.93,1.0,10,Medium
U0242,6,6,1,0.0,0.0,279.28,2.0,13,Medium
U0243,13,7,1,30.5,0.0,436.24,1.0,21,Low
U0244,14,8,1,0.0,0.0,298.54,1.0,23,Low
U0245,10,9,1,0.0,0.0,435.59,2.0,20,Low
U0246,15,7,1,0.0,0.0,144.15,1.0,23,Low
U0247,10,1,1,28.5,1.0,375.75,1.0,12,Medium
U0248,11,7,1,0.0,0.0,0.0,0.0,19,Medium
U0249,14,8,1,0.0,0.0,604.57,2.0,23,Low
U0250,1,1,1,0.0,0.0,0.0,0.0,3,High
U0251,6,2,1,24.0,0.0,146.28,1.0,9,High
U0252,6,3,1,0.0,0.0,917.3399999999999,3.0,10,Medium
U0253,5,4,1,0.0,0.0,670.95,2.0,10,Medium
U0254,14,2,1,29.5,2.0,572.4300000000001,3.0,17,Medium
U0255,1,1,1,35.5,1.0,254.96,1.0,3,Medium
U0256,4,1,1,0.0,0.0,0.0,0.0,6,High
U0257,1,1,1,0.0,0.0,247.8,1.0,3,High
U0258,4,1,1,0.0,0.0,303.93,1.0,6,High
U0259,3,1,1,0.0,0.0,311.74,1.0,5,High
U0260,8,2,1,0.0,0.0,322.87,1.0,11,Medium
U0261,4,4,1,0.0,0.0,517.39,3.0,9,High
U0262,5,3,1,42.0,1.0,0.0,0.0,9,Medium
U0263,10,10,1,0.0,0.0,0.0,0.0,21,Low
U0264,13,3,1,38.0,2.0,392.56,1.0,17,Medium
U0265,2,1,1,41.0,1.0,471.37,1.0,4,Medium
U0266,10,7,1,0.0,0.0,225.96,1.0,18,Medium
U0267,12,4,1,30.0,1.0,603.7,2.0,17,Medium
U0268,10,4,1,11.5,2.0,125.74,1.0,15,Medium
U0269,12,5,1,0.0,0.0,1175.77,3.0,18,Medium
U0270,10,2,1,25.0,2.0,216.9,1.0,13,Medium
U0271,13,1,1,7.0,1.0,0.0,0.0,15,Medium
U0272,9,7,1,11.0,0.0,0.0,0.0,17,Medium
U0273,6,1,1,0.0,0.0,0.0,0.0,8,High
U0274,11,6,1,0.0,0.0,0.0,0.0,18,Medium
U0275,14,7,1,35.0,1.0,575.2,2.0,22,Low
U0276,2,2,1,33.0,1.0,482.1,1.0,5,Medium
U0277,11,8,1,0.0,0.0,403.14,1.0,20,Low
U0278,7,2,1,28.0,1.0,824.21,2.0,10,Medium
U0279,11,5,1,0.0,0.0,49.21,1.0,17,Medium
U0280,13,9,1,0.0,0.0,507.66,3.0,23,Low
U0281,8,7,1,26.0,0.0,634.54,2.0,16,Medium
U0282,5,3,1,11.0,0.0,0.0,0.0,9,High
U0283,14,2,1,0.0,0.0,13.65,1.0,17,Medium
U0284,15,8,1,0.0,0.0,0.0,0.0,24,Low
U0285,13,8,1,0.0,0.0,0.0,0.0,22,Low
U0286,10,7,1,0.0,0.0,300.89,1.0,18,Medium
U0287,1,1,1,20.0,2.0,0.0,0.0,3,Medium
U0288,3,2,1,8.0,1.0,240.62,2.0,6,Medium
U0289,6,3,1,26.0,1.0,71.27,1.0,10,Medium
U0290,5,5,1,0.0,0.0,310.34,1.0,11,Medium
U0291,15,5,1,0.0,0.0,428.38,2.0,21,Low
U0292,1,1,1,0.0,0.0,597.02,2.0,3,High
U0293,4,4,1,0.0,0.0,329.16,2.0,9,High
U0294,9,4,1,0.0,0.0,0.0,0.0,14,Medium
U0295,8,8,1,0.0,0.0,681.62,2.0,17,Medium
U0296,13,1,1,0.0,0.0,98.54,1.0,15,Medium
U0297,5,2,1,36.0,2.0,27.31,1.0,8,Medium
U0298,12,4,1,17.0,1.0,496.64,4.0,17,Medium
U0299,11,10,1,0.0,0.0,526.28,2.0,22,Low
U0300,8,6,1,0.0,0.0,75.93,1.0,15,Medium
U0301,12,9,1,9.0,0.0,485.09,1.0,22,Low
U0302,6,6,1,0.0,0.0,1262.05,4.0,13,Medium
U0303,5,3,1,29.0,1.0,264.22,1.0,9,Medium
U0304,4,1,1,0.0,0.0,0.0,0.0,6,High
U0305,6,1,1,0.0,0.0,431.11,1.0,8,High
U0306,13,12,1,16.0,2.0,371.06,1.0,26,Low
U0307,4,2,1,0.0,0.0,856.29,2.0,7,High
U0308,5,5,1,20.666666666666668,1.0,695.95,2.0,11,Medium
U0309,10,5,1,26.5,1.0,375.61,1.0,16,Medium
U0310,14,4,1,0.0,0.0,763.19,2.0,19,Medium
U0311,4,3,1,0.0,0.0,408.43,1.0,8,High
U0312,5,1,1,0.0,0.0,209.31,1.0,7,High
U0313,3,2,1,0.0,0.0,654.38,3.0,6,High
U0314,1,1,1,0.0,0.0,148.78,1.0,3,High
U0315,3,3,1,0.0,0.0,0.0,0.0,7,High
U0316,2,1,1,0.0,0.0,206.8,1.0,4,High
U0317,5,4,1,8.0,1.0,851.24,2.0,10,Medium
U0318,8,6,1,10.0,0.0,736.54,2.0,15,Medium
U0319,1,1,1,0.0,0.0,1106.51,3.0,3,High
U0320,2,1,1,25.0,0.0,499.0,1.0,4,High
U0321,8,2,1,28.5,2.0,277.15000000000003,3.0,11,Medium
U0322,11,11,1,35.0,0.0,156.01,1.0,23,Low
U0323,3,1,1,18.0,1.0,471.09,1.0,5,Medium
U0324,5,1,1,0.0,0.0,794.11,2.0,7,High
U0325,2,2,1,6.0,1.0,507.12,2.0,5,Medium
U0326,10,10,1,0.0,0.0,589.59,2.0,21,Low
U0327,13,9,1,0.0,0.0,0.0,0.0,23,Low
U0328,8,8,1,25.0,0.0,212.28,1.0,17,Medium
U0329,14,10,1,12.5,2.0,128.14,2.0,25,Low
U0330,5,5,1,0.0,0.0,384.47,1.0,11,Medium
U0331,1,1,1,0.0,0.0,449.79,1.0,3,High
U0332,11,4,1,0.0,0.0,607.74,2.0,16,Medium
U0333,11,2,1,48.0,0.0,580.1800000000001,2.0,14,Medium
U0334,4,2,1,12.0,0.0,0.0,0.0,7,High
U0335,2,1,1,0.0,0.0,351.91,1.0,4,High
U0336,7,4,1,0.0,0.0,362.14000000000004,2.0,12,Medium
U0337,10,8,1,0.0,0.0,481.35,1.0,19,Medium
U0338,1,1,1,0.0,0.0,212.74,1.0,3,High
U0339,12,5,1,0.0,0.0,0.0,0.0,18,Medium
U0340,14,8,1,21.333333333333332,0.0,34.03,1.0,23,Low
U0341,11,4,1,0.0,0.0,240.76,1.0,16,Medium
U0342,13,13,1,0.0,0.0,1147.6599999999999,4.0,27,Low
U0343,10,4,1,0.0,0.0,70.26,1.0,15,Medium
U0344,2,1,1,0.0,0.0,69.17,1.0,4,High
U0345,3,2,1,18.0,0.0,0.0,0.0,6,High
U0346,2,1,1,0.0,0.0,65.84,1.0,4,High
U0347,13,5,1,0.0,0.0,732.8599999999999,4.0,19,Medium
U0348,12,10,1,0.0,0.0,750.54,3.0,23,Low
U0349,8,2,1,28.0,1.0,485.44,2.0,11,Medium
U0350,12,5,1,0.0,0.0,713.6700000000001,3.0,18,Medium
U0351,7,3,1,11.5,1.0,296.97,1.0,11,Medium
U0352,9,8,1,43.0,0.0,0.0,0.0,18,Medium
U0353,2,1,1,25.0,0.0,0.0,0.0,4,High
U0354,12,6,1,0.0,0.0,0.0,0.0,19,Medium
U0355,5,1,1,0.0,0.0,0.0,0.0,7,High
U0356,4,1,1,0.0,0.0,422.89,1.0,6,High
U0357,14,5,1,0.0,0.0,729.87,3.0,20,Low
U0358,1,1,1,0.0,0.0,0.0,0.0,3,High
U0359,9,8,1,0.0,0.0,149.42,1.0,18,Medium
U0360,3,3,1,0.0,0.0,448.26,2.0,7,High
U0361,11,8,1,0.0,0.0,305.04,1.0,20,Low
U0362,8,6,1,26.0,1.0,0.0,0.0,15,Medium
U0363,6,3,1,12.0,1.0,0.0,0.0,10,Medium
U0364,2,1,1,36.0,0.0,296.93,1.0,4,High
U0365,7,6,1,28.0,1.0,336.67,1.0,14,Medium
U0366,5,4,1,0.0,0.0,35.92,1.0,10,Medium
U0367,1,1,1,0.0,0.0,281.8,1.0,3,High
U0368,6,3,1,40.0,1.0,474.33,2.0,10,Medium
U0369,2,2,1,30.0,1.0,229.27,1.0,5,Medium
U0370,14,1,1,15.5,0.0,769.04,2.0,16,Medium
U0371,14,9,1,0.0,0.0,0.0,0.0,24,Low
U0372,7,1,1,0.0,0.0,360.68,1.0,9,High
U0373,9,6,1,0.0,0.0,108.86,1.0,16,Medium
U0374,13,8,1,0.0,0.0,0.0,0.0,22,Low
U0375,8,1,1,31.0,2.0,0.0,0.0,10,Medium
U0376,5,5,1,0.0,0.0,298.8,1.0,11,Medium
U0377,15,5,1,16.0,2.0,368.15,2.0,21,Low
U0378,15,12,1,0.0,0.0,693.13,2.0,28,Low
U0379,2,1,1,0.0,0.0,1163.41,3.0,4,High
U0380,10,4,1,15.0,0.0,0.0,0.0,15,Medium
U0381,5,5,1,4.0,0.0,416.43,1.0,11,Medium
U0382,9,7,1,8.0,0.0,274.53,1.0,17,Medium
U0383,4,1,1,0.0,0.0,861.95,2.0,6,High
U0384,2,1,1,0.0,0.0,684.1,2.0,4,High
U0385,15,12,1,43.0,1.0,728.65,2.0,28,Low
U0386,9,5,1,23.0,0.0,0.0,0.0,15,Medium
U0387,14,8,1,18.0,0.0,0.0,0.0,23,Low
U0388,4,4,1,0.0,0.0,234.55,2.0,9,High
U0389,3,2,1,32.0,0.0,470.74,2.0,6,High
U0390,15,10,1,0.0,0.0,0.0,0.0,26,Low
U0391,12,3,1,17.0,0.0,850.38,2.0,16,Medium
U0392,5,4,1,35.0,0.0,709.92,3.0,10,Medium
U0393,15,13,1,22.0,0.0,164.13,1.0,29,Low
U0394,5,1,1,33.0,0.0,0.0,0.0,7,High
U0395,12,5,1,0.0,0.0,0.0,0.0,18,Medium
U0396,10,8,1,37.0,1.0,0.0,0.0,19,Medium
U0397,8,8,1,0.0,0.0,451.12,1.0,17,Medium
U0398,6,5,1,20.0,2.0,0.0,0.0,12,Medium
U0399,7,4,1,14.0,0.0,554.66,2.0,12,Medium
U0400,14,4,1,0.0,0.0,161.08,1.0,19,Medium
U0401,4,4,1,21.5,1.0,1160.78,3.0,9,Medium
U0402,14,13,1,0.0,0.0,708.1,2.0,28,Low
U0403,1,1,1,0.0,0.0,168.5,1.0,3,High
U0404,12,7,1,30.0,1.0,299.27,1.0,20,Low
U0405,11,11,1,0.0,0.0,0.0,0.0,23,Low
U0406,8,1,1,0.0,0.0,159.94,1.0,10,Medium
U0407,9,6,1,0.0,0.0,140.92,2.0,16,Medium
U0408,14,14,1,4.0,1.0,389.43,2.0,29,Low
U0409,2,2,1,0.0,0.0,0.0,0.0,5,High
U0410,12,3,1,25.0,0.0,399.04,1.0,16,Medium
U0411,14,11,1,0.0,0.0,220.16,1.0,26,Low
U0412,2,2,1,0.0,0.0,164.96,1.0,5,High
U0413,6,5,1,45.0,0.0,0.0,0.0,12,Medium
U0414,7,6,1,0.0,0.0,0.0,0.0,14,Medium
U0415,14,6,1,38.0,1.0,694.46,2.0,21,Low
U0416,14,9,1,0.0,0.0,283.4,2.0,24,Low
U0417,6,6,1,0.0,0.0,0.0,0.0,13,Medium
U0418,14,9,1,0.0,0.0,383.09,1.0,24,Low
U0419,10,2,1,10.0,0.0,24.1,1.0,13,Medium
U0420,11,11,1,0.0,0.0,90.77,1.0,23,Low
U0421,4,1,1,0.0,0.0,292.41,1.0,6,High
U0422,2,1,1,44.0,1.0,249.71,1.0,4,Medium
U0423,3,3,1,13.0,1.0,428.21,1.0,7,Medium
U0424,15,1,1,5.5,2.0,253.56,1.0,17,Medium
U0425,6,1,1,0.0,0.0,415.47,2.0,8,High
U0426,6,3,1,11.0,1.0,469.16,2.0,10,Medium
U0427,3,1,1,22.0,1.0,405.63,1.0,5,Medium
U0428,7,5,1,0.0,0.0,1030.23,4.0,13,Medium
U0429,13,3,1,37.0,0.0,0.0,0.0,17,Medium
U0430,3,1,1,32.5,1.0,1438.69,4.0,5,Medium
U0431,14,7,1,0.0,0.0,0.0,0.0,22,Low
U0432,11,4,1,23.0,1.0,494.75,1.0,16,Medium
U0433,15,10,1,0.0,0.0,868.12,3.0,26,Low
U0434,4,4,1,41.0,1.0,0.0,0.0,9,Medium
U0435,5,4,1,0.0,0.0,306.87,1.0,10,Medium
U0436,11,1,1,31.0,1.0,0.0,0.0,13,Medium
U0437,15,5,1,3.0,1.0,239.1,1.0,21,Low
U0438,9,3,1,0.0,0.0,605.61,2.0,13,Medium
U0439,8,6,1,0.0,0.0,989.62,2.0,15,Medium
U0440,5,4,1,0.0,0.0,0.0,0.0,10,Medium
U0441,5,4,1,0.0,0.0,331.55,1.0,10,Medium
U0442,4,4,1,0.0,0.0,0.0,0.0,9,High
U0443,2,1,1,0.0,0.0,299.18,1.0,4,High
U0444,10,6,1,31.0,0.0,274.57,1.0,17,Medium
U0445,5,3,1,0.0,0.0,440.23,3.0,9,High
U0446,14,11,1,0.0,0.0,88.52,1.0,26,Low
U0447,5,1,1,0.0,0.0,430.51,1.0,7,High
U0448,14,11,1,0.0,0.0,0.0,0.0,26,Low
U0449,15,10,1,0.0,0.0,0.0,0.0,26,Low
U0450,14,5,1,43.0,0.0,386.92,1.0,20,Low
U0451,10,6,1,5.0,0.0,600.8199999999999,2.0,17,Medium
U0452,11,4,1,0.0,0.0,0.0,0.0,16,Medium
U0453,5,2,1,0.0,0.0,46.36,2.0,8,High
U0454,2,1,1,0.0,0.0,27.63,1.0,4,High
U0455,13,8,1,0.0,0.0,22.22,1.0,22,Low
U0456,10,6,1,0.0,0.0,0.0,0.0,17,Medium
U0457,2,2,1,21.333333333333332,1.0,522.29,3.0,5,Medium
U0458,12,7,1,10.5,2.0,0.0,0.0,20,Low
U0459,4,2,1,0.0,0.0,0.0,0.0,7,High
U0460,15,6,1,22.5,1.0,298.32,2.0,22,Low
U0461,9,5,1,15.0,0.0,0.0,0.0,15,Medium
U0462,5,4,1,36.5,1.0,409.04,1.0,10,Medium
U0463,12,6,1,0.0,0.0,628.41,2.0,19,Medium
U0464,8,2,1,0.0,0.0,0.0,0.0,11,Medium
U0465,13,4,1,0.0,0.0,487.38,3.0,18,Medium
U0466,12,11,1,38.0,1.0,190.64,1.0,24,Low
U0467,14,13,1,25.5,1.0,0.0,0.0,28,Low
U0468,6,1,1,0.0,0.0,206.89,1.0,8,High
U0469,1,1,1,20.0,1.0,809.38,3.0,3,Medium
U0470,2,2,1,0.0,0.0,93.89,1.0,5,High
U0471,11,11,1,45.0,1.0,0.0,0.0,23,Low
U0472,10,7,1,0.0,0.0,745.9300000000001,3.0,18,Medium
U0473,6,1,1,0.0,0.0,148.31,1.0,8,High
U0474,4,4,1,0.0,0.0,933.38,2.0,9,High
U0475,10,9,1,11.0,0.0,231.33,1.0,20,Low
U0476,15,10,1,13.0,1.0,542.54,2.0,26,Low
U0477,11,2,1,0.0,0.0,78.36,2.0,14,Medium
U0478,14,8,1,24.0,1.0,0.0,0.0,23,Low
U0479,5,4,1,0.0,0.0,0.0,0.0,10,Medium
U0480,3,1,1,0.0,0.0,39.74,1.0,5,High
U0481,5,4,1,45.0,0.0,716.38,2.0,10,Medium
U0482,2,1,1,31.0,1.0,474.25,1.0,4,Medium
U0483,3,2,1,6.0,1.0,32.44,1.0,6,Medium
U0484,6,6,1,0.0,0.0,261.2,1.0,13,Medium
U0485,9,7,1,0.0,0.0,0.0,0.0,17,Medium
U0486,12,12,1,11.5,1.0,499.3,3.0,25,Low
U0487,15,7,1,0.0,0.0,75.08,1.0,23,Low
U0488,2,2,1,26.0,1.0,657.25,2.0,5,Medium
U0489,7,3,1,0.0,0.0,0.0,0.0,11,Medium
U0490,12,6,1,33.0,0.0,207.92,1.0,19,Medium
U0491,8,8,1,31.0,1.0,412.43,1.0,17,Medium
U0492,14,6,1,0.0,0.0,0.0,0.0,21,Low
U0493,11,6,1,0.0,0.0,309.0,2.0,18,Medium
U0494,15,11,1,0.0,0.0,0.0,0.0,27,Low
U0495,1,1,1,27.0,1.0,0.0,0.0,3,Medium
U0496,4,1,1,17.0,1.0,306.34,1.0,6,Medium
U0497,2,1,1,0.0,0.0,639.63,4.0,4,High
U0498,11,10,1,0.0,0.0,336.27,1.0,22,Low
U0499,1,1,1,37.5,2.0,443.75,1.0,3,Medium
U0500,3,3,1,0.0,0.0,329.6,1.0,7,High
U0501,2,1,1,12.0,0.0,0.0,0.0,4,High
U0502,4,2,1,0.0,0.0,443.85,1.0,7,High
U0503,13,3,1,26.0,1.0,564.2,2.0,17,Medium
U0504,1,1,1,0.0,0.0,540.97,2.0,3,High
U0505,3,3,1,0.0,0.0,378.67,1.0,7,High
U0506,13,3,1,0.0,0.0,0.0,0.0,17,Medium
U0507,11,1,1,0.0,0.0,355.03,1.0,13,Medium
U0508,1,1,1,0.0,0.0,1130.27,4.0,3,High
U0509,10,6,1,44.0,0.0,565.41,2.0,17,Medium
U0510,3,2,1,7.0,0.0,0.0,0.0,6,High
U0511,3,3,1,48.0,1.0,346.48,2.0,7,Medium
U0512,9,2,1,0.0,0.0,376.43,1.0,12,Medium
U0513,8,8,1,34.0,0.0,332.66,1.0,17,Medium
U0514,9,2,1,26.0,0.0,416.48,1.0,12,Medium
U0515,9,4,1,24.0,1.0,245.31,2.0,14,Medium
U0516,1,1,1,46.0,1.0,572.51,2.0,3,Medium
U0517,11,1,1,39.0,1.0,511.65000000000003,2.0,13,Medium
U0518,8,7,1,0.0,0.0,291.02,2.0,16,Medium
U0519,11,2,1,33.0,0.0,236.46,1.0,14,Medium
U0520,12,8,1,34.5,2.0,0.0,0.0,21,Low
U0521,15,2,1,36.0,1.0,0.0,0.0,18,Medium
U0522,10,3,1,0.0,0.0,321.14,1.0,14,Medium
U0523,3,2,1,29.0,0.0,0.0,0.0,6,High
U0524,11,10,1,25.5,2.0,163.0,1.0,22,Low
U0525,12,6,1,0.0,0.0,0.0,0.0,19,Medium
U0526,10,9,1,17.0,1.0,747.12,2.0,20,Low
U0527,8,7,1,0.0,0.0,385.56,1.0,16,Medium
U0528,13,12,1,0.0,0.0,333.51,1.0,26,Low
U0529,14,11,1,22.0,0.0,0.0,0.0,26,Low
U0530,15,13,1,39.0,0.0,927.27,3.0,29,Low
U0531,12,4,1,6.0,0.0,936.01,2.0,17,Medium
U0532,8,4,1,0.0,0.0,0.0,0.0,13,Medium
U0533,6,4,1,0.0,0.0,1049.88,4.0,11,Medium
U0534,7,6,1,0.0,0.0,1407.95,4.0,14,Medium
U0535,6,4,1,0.0,0.0,604.69,2.0,11,Medium
U0536,11,5,1,25.0,1.0,211.9,1.0,17,Medium
U0537,3,3,1,17.0,1.0,420.27,2.0,7,Medium
U0538,2,1,1,0.0,0.0,345.89,1.0,4,High
U0539,2,2,1,0.0,0.0,1052.0900000000001,3.0,5,High
U0540,12,12,1,0.0,0.0,327.14,1.0,25,Low
U0541,13,3,1,39.0,0.0,0.0,0.0,17,Medium
U0542,1,1,1,0.0,0.0,360.75,1.0,3,High
U0543,2,2,1,2.0,0.0,0.0,0.0,5,High
U0544,14,11,1,38.0,0.0,155.33,1.0,26,Low
U0545,14,12,1,0.0,0.0,201.09,1.0,27,Low
U0546,5,5,1,21.0,0.0,553.63,2.0,11,Medium
U0547,6,1,1,10.5,0.0,553.15,2.0,8,High
U0548,9,4,1,35.0,1.0,194.83,2.0,14,Medium
U0549,11,8,1,0.0,0.0,0.0,0.0,20,Low
U0550,14,2,1,0.0,0.0,244.34,1.0,17,Medium
U0551,14,9,1,20.0,1.0,481.06,1.0,24,Low
U0552,2,2,1,0.0,0.0,789.12,2.0,5,High
U0553,4,4,1,0.0,0.0,454.25,1.0,9,High
U0554,13,10,1,0.0,0.0,491.08,2.0,24,Low
U0555,11,11,1,22.0,1.0,0.0,0.0,23,Low
U0556,1,1,1,0.0,0.0,0.0,0.0,3,High
U0557,3,2,1,0.0,0.0,844.4000000000001,3.0,6,High
U0558,13,5,1,0.0,0.0,125.72,1.0,19,Medium
U0559,6,1,1,0.0,0.0,334.62,1.0,8,High
U0560,14,3,1,0.0,0.0,0.0,0.0,18,Medium
U0561,11,7,1,39.0,0.0,0.0,0.0,19,Medium
U0562,3,3,1,0.0,0.0,802.5,2.0,7,High
U0563,1,1,1,0.0,0.0,0.0,0.0,3,High
U0564,4,4,1,0.0,0.0,0.0,0.0,9,High
U0565,8,6,1,0.0,0.0,0.0,0.0,15,Medium
U0566,6,3,1,29.5,0.0,198.51,1.0,10,Medium
U0567,13,10,1,34.0,0.0,361.01,2.0,24,Low
U0568,2,1,1,0.0,0.0,30.69,1.0,4,High
U0569,3,3,1,19.0,1.0,19.17,1.0,7,Medium
U0570,11,2,1,0.0,0.0,321.96,1.0,14,Medium
U0571,8,7,1,0.0,0.0,931.22,2.0,16,Medium
U0572,10,8,1,0.0,0.0,317.47,2.0,19,Medium
U0573,5,2,1,0.0,0.0,275.94,1.0,8,High
U0574,2,2,1,23.0,1.0,0.0,0.0,5,Medium
U0575,2,2,1,8.0,0.0,676.52,4.0,5,High
U0576,11,10,1,0.0,0.0,0.0,0.0,22,Low
U0577,9,5,1,22.0,0.0,296.98,1.0,15,Medium
U0578,4,4,1,44.0,0.0,0.0,0.0,9,High
U0579,1,1,1,31.5,1.0,0.0,0.0,3,Medium
U0580,5,2,1,29.25,3.0,451.14,1.0,8,Medium
U0581,13,5,1,0.0,0.0,0.0,0.0,19,Medium
U0582,6,1,1,0.0,0.0,853.27,2.0,8,High
U0583,8,7,1,0.0,0.0,279.99,1.0,16,Medium
U0584,3,2,1,0.0,0.0,0.0,0.0,6,High
U0585,12,4,1,0.0,0.0,288.84,1.0,17,Medium
U0586,9,6,1,0.0,0.0,1016.16,3.0,16,Medium
U0587,7,7,1,0.0,0.0,478.51,2.0,15,Medium
U0588,7,1,1,0.0,0.0,310.22,2.0,9,High
U0589,15,2,1,19.5,0.0,488.58000000000004,2.0,18,Medium
U0590,10,7,1,7.0,0.0,0.0,0.0,18,Medium
U0591,7,6,1,12.5,1.0,395.45000000000005,2.0,14,Medium
U0592,7,3,1,41.0,2.0,751.99,2.0,11,Medium
U0593,7,1,1,0.0,0.0,622.02,2.0,9,High
U0594,3,3,1,0.0,0.0,0.0,0.0,7,High
U0595,14,12,1,41.0,0.0,345.18,1.0,27,Low
U0596,2,2,1,0.0,0.0,287.13,1.0,5,High
U0597,4,4,1,5.0,1.0,268.13,1.0,9,Medium
U0598,7,5,1,0.0,0.0,237.97,1.0,13,Medium
U0599,7,7,1,0.0,0.0,465.38,2.0,15,Medium
U0600,12,6,1,0.0,0.0,108.66,1.0,19,Medium
U0601,6,2,1,21.5,1.0,369.63,1.0,9,Medium
U0602,9,2,1,0.0,0.0,644.86,3.0,12,Medium
U0603,9,4,1,0.0,0.0,0.0,0.0,14,Medium
U0604,6,6,1,8.0,0.0,250.82,1.0,13,Medium
U0605,14,3,1,0.0,0.0,126.9,1.0,18,Medium
U0606,2,1,1,0.0,0.0,420.12,1.0,4,High
U0607,4,2,1,44.0,1.0,1122.31,3.0,7,Medium
U0608,3,3,1,0.0,0.0,453.14,1.0,7,High
U0609,3,3,1,0.0,0.0,12.84,1.0,7,High
U0610,8,8,1,0.0,0.0,157.19,1.0,17,Medium
U0611,15,15,1,0.0,0.0,123.15,1.0,31,Low
U0612,11,11,1,32.0,0.0,0.0,0.0,23,Low
U0613,6,6,1,0.0,0.0,33.85,1.0,13,Medium
U0614,3,2,1,47.0,0.0,161.36,1.0,6,High
U0615,8,8,1,0.0,0.0,669.91,2.0,17,Medium
U0616,5,3,1,40.0,0.0,0.0,0.0,9,High
U0617,1,1,1,27.0,0.0,0.0,0.0,3,High
U0618,2,2,1,31.0,0.0,0.0,0.0,5,High
U0619,8,1,1,0.0,0.0,703.29,3.0,10,Medium
U0620,6,3,1,13.0,0.0,642.9,2.0,10,Medium
U0621,11,2,1,0.0,0.0,483.93,1.0,14,Medium
U0622,10,9,1,4.0,1.0,96.85,1.0,20,Low
U0623,8,1,1,28.0,0.0,371.14,2.0,10,Medium
U0624,15,13,1,0.0,0.0,12.1,1.0,29,Low
U0625,11,4,1,29.0,0.0,97.44,1.0,16,Medium
U0626,10,8,1,23.0,0.0,459.02,2.0,19,Medium
U0627,3,1,1,0.0,0.0,0.0,0.0,5,High
U0628,2,2,1,0.0,0.0,895.71,3.0,5,High
U0629,9,3,1,0.0,0.0,0.0,0.0,13,Medium
U0630,4,4,1,26.0,0.0,0.0,0.0,9,High
U0631,9,9,1,0.0,0.0,215.16,1.0,19,Medium
U0632,3,2,1,0.0,0.0,692.54,4.0,6,High
U0633,15,5,1,43.0,0.0,143.35,1.0,21,Low
U0634,7,7,1,3.0,0.0,791.53,2.0,15,Medium
U0635,11,10,1,21.0,0.0,39.36,1.0,22,Low
U0636,13,11,1,37.0,0.0,0.0,0.0,25,Low
U0637,6,1,1,0.0,0.0,205.60000000000002,2.0,8,High
U0638,2,2,1,27.0,1.0,0.0,0.0,5,Medium
U0639,5,5,1,0.0,0.0,232.65,1.0,11,Medium
U0640,6,1,1,0.0,0.0,467.82,1.0,8,High
U0641,11,3,1,28.0,1.0,497.1,2.0,15,Medium
U0642,5,4,1,45.0,0.0,777.69,2.0,10,Medium
U0643,10,2,1,0.0,0.0,627.0899999999999,3.0,13,Medium
U0644,9,7,1,28.0,0.0,243.26,1.0,17,Medium
U0645,13,6,1,0.0,0.0,0.0,0.0,20,Low
U0646,11,11,1,0.0,0.0,0.0,0.0,23,Low
U0647,2,2,1,37.5,1.0,439.15,1.0,5,Medium
U0648,6,1,1,0.0,0.0,54.43,1.0,8,High
U0649,5,2,1,0.0,0.0,0.0,0.0,8,High
U0650,6,4,1,32.0,1.0,673.74,3.0,11,Medium
U0651,4,2,1,16.0,0.0,165.8,1.0,7,High
U0652,2,2,1,0.0,0.0,461.3,1.0,5,High
U0653,9,9,1,0.0,0.0,135.58,1.0,19,Medium
U0654,1,1,1,0.0,0.0,346.52,2.0,3,High
U0655,3,3,1,32.0,1.0,803.1700000000001,2.0,7,Medium
U0656,3,1,1,0.0,0.0,394.78,1.0,5,High
U0657,14,12,1,26.5,2.0,144.93,2.0,27,Low
U0658,13,3,1,0.0,0.0,0.0,0.0,17,Medium
U0659,1,1,1,0.0,0.0,0.0,0.0,3,High
U0660,11,4,1,0.0,0.0,942.23,3.0,16,Medium
U0661,10,5,1,0.0,0.0,539.61,2.0,16,Medium
U0662,4,2,1,0.0,0.0,0.0,0.0,7,High
U0663,13,13,1,14.666666666666666,0.0,240.35,2.0,27,Low
U0664,15,14,1,48.0,1.0,833.99,3.0,30,Low
U0665,6,6,1,46.0,0.0,0.0,0.0,13,Medium
U0666,8,8,1,0.0,0.0,190.8,1.0,17,Medium
U0667,13,7,1,0.0,0.0,393.64,1.0,21,Low
U0668,9,7,1,17.0,0.0,257.27,1.0,17,Medium
U0669,14,4,1,39.0,0.0,10.27,1.0,19,Medium
U0670,3,2,1,26.0,1.0,394.69,1.0,6,Medium
U0671,11,8,1,23.0,1.0,570.86,2.0,20,Low
U0672,9,2,1,15.0,1.0,475.94,1.0,12,Medium
U0673,14,2,1,0.0,0.0,53.02,1.0,17,Medium
U0674,2,1,1,11.0,1.0,539.26,2.0,4,Medium
U0675,8,3,1,28.5,2.0,602.52,2.0,12,Medium
U0676,2,1,1,0.0,0.0,345.83,1.0,4,High
U0677,15,6,1,31.5,2.0,470.08000000000004,2.0,22,Low
U0678,7,1,1,4.0,1.0,0.0,0.0,9,Medium
U0679,9,6,1,0.0,0.0,128.04,1.0,16,Medium
U0680,7,1,1,20.5,1.0,0.0,0.0,9,Medium
U0681,4,1,1,0.0,0.0,0.0,0.0,6,High
U0682,15,2,1,0.0,0.0,1765.79,4.0,18,Medium
U0683,6,2,1,0.0,0.0,352.04,1.0,9,High
U0684,1,1,1,0.0,0.0,156.26,2.0,3,High
U0685,12,3,1,0.0,0.0,0.0,0.0,16,Medium
U0686,8,8,1,0.0,0.0,0.0,0.0,17,Medium
U0687,1,1,1,0.0,0.0,36.47,1.0,3,High
U0688,5,2,1,0.0,0.0,98.49,1.0,8,High
U0689,9,9,1,0.0,0.0,599.64,3.0,19,Medium
U0690,2,2,1,0.0,0.0,98.62,1.0,5,High
U0691,5,1,1,22.0,2.0,0.0,0.0,7,Medium
U0692,4,4,1,0.0,0.0,0.0,0.0,9,High
U0693,13,10,1,0.0,0.0,0.0,0.0,24,Low
U0694,2,1,1,21.0,0.0,292.56,2.0,4,High
U0695,10,9,1,0.0,0.0,1181.15,4.0,20,Low
U0696,11,9,1,0.0,0.0,0.0,0.0,21,Low
U0697,4,2,1,6.0,0.0,103.84,1.0,7,High
U0698,7,1,1,0.0,0.0,442.72,1.0,9,High
U0699,6,2,1,0.0,0.0,0.0,0.0,9,High
U0700,7,2,1,12.0,1.0,0.0,0.0,10,Medium
U0701,11,2,1,0.0,0.0,274.21,1.0,14,Medium
U0702,6,1,1,9.0,0.0,253.78,1.0,8,High
U0703,9,9,1,0.0,0.0,0.0,0.0,19,Medium
U0704,9,1,1,0.0,0.0,246.38,2.0,11,Medium
U0705,14,8,1,0.0,0.0,246.58999999999997,2.0,23,Low
U0706,11,7,1,0.0,0.0,185.5,1.0,19,Medium
U0707,5,1,1,0.0,0.0,0.0,0.0,7,High
U0708,13,2,1,0.0,0.0,720.28,3.0,16,Medium
U0709,4,1,1,0.0,0.0,565.53,2.0,6,High
U0710,12,6,1,21.0,1.0,714.07,2.0,19,Medium
U0711,1,1,1,21.0,1.0,0.0,0.0,3,Medium
U0712,6,6,1,0.0,0.0,736.41,3.0,13,Medium
U0713,14,13,1,7.0,0.0,1190.1,3.0,28,Low
U0714,8,8,1,0.0,0.0,500.76,2.0,17,Medium
U0715,3,1,1,0.0,0.0,1046.96,3.0,5,High
U0716,12,8,1,21.0,1.0,56.81,1.0,21,Low
U0717,5,2,1,0.0,0.0,0.0,0.0,8,High
U0718,13,4,1,36.666666666666664,2.0,228.63,1.0,18,Medium
U0719,6,3,1,10.5,0.0,0.0,0.0,10,Medium
U0720,7,7,1,0.0,0.0,219.27,1.0,15,Medium
U0721,8,5,1,14.0,0.0,842.55,2.0,14,Medium
U0722,13,11,1,42.0,1.0,0.0,0.0,25,Low
U0723,5,3,1,0.0,0.0,1080.69,3.0,9,High
U0724,14,11,1,0.0,0.0,764.98,2.0,26,Low
U0725,5,1,1,11.0,0.0,290.28,1.0,7,High
U0726,7,4,1,0.0,0.0,383.36,1.0,12,Medium
U0727,15,7,1,9.0,1.0,512.65,2.0,23,Low
U0728,3,2,1,0.0,0.0,222.14,1.0,6,High
U0729,8,6,1,18.5,0.0,624.89,2.0,15,Medium
U0730,5,1,1,18.0,0.0,896.95,3.0,7,High
U0731,2,2,1,0.0,0.0,842.43,3.0,5,High
U0732,14,3,1,0.0,0.0,264.64,1.0,18,Medium
U0733,5,3,1,0.0,0.0,302.75,2.0,9,High
U0734,2,2,1,46.0,0.0,191.12,1.0,5,High
U0735,5,3,1,5.0,2.0,838.7,3.0,9,Medium
U0736,10,7,1,0.0,0.0,54.68,1.0,18,Medium
U0737,12,8,1,0.0,0.0,336.31,1.0,21,Low
U0738,8,1,1,34.5,0.0,522.8199999999999,2.0,10,Medium
U0739,10,7,1,39.0,1.0,755.95,2.0,18,Medium
U0740,11,1,1,27.0,0.0,176.92,1.0,13,Medium
U0741,11,11,1,0.0,0.0,0.0,0.0,23,Low
U0742,6,5,1,40.0,0.0,31.57,1.0,12,Medium
U0743,3,1,1,44.0,0.0,0.0,0.0,5,High
U0744,14,10,1,23.0,0.0,91.97,1.0,25,Low
U0745,13,8,1,40.0,2.0,1059.47,5.0,22,Low
U0746,3,1,1,48.0,1.0,0.0,0.0,5,Medium
U0747,13,11,1,37.0,1.0,0.0,0.0,25,Low
U0748,6,4,1,16.0,1.0,0.0,0.0,11,Medium
U0749,1,1,1,25.0,0.0,0.0,0.0,3,High
U0750,8,6,1,0.0,0.0,836.05,2.0,15,Medium
U0751,8,2,1,18.0,0.0,85.6,1.0,11,Medium
U0752,3,3,1,9.0,1.0,1262.3600000000001,5.0,7,Medium
U0753,7,3,1,0.0,0.0,361.84,2.0,11,Medium
U0754,5,2,1,20.0,1.0,717.47,3.0,8,Medium
U0755,1,1,1,0.0,0.0,0.0,0.0,3,High
U0756,9,7,1,29.0,0.0,926.12,2.0,17,Medium
U0757,2,2,1,0.0,0.0,75.79,1.0,5,High
U0758,12,8,1,0.0,0.0,420.01,1.0,21,Low
U0759,10,5,1,0.0,0.0,593.39,2.0,16,Medium
U0760,15,8,1,17.0,0.0,445.52,2.0,24,Low
U0761,2,1,1,16.0,0.0,494.24,1.0,4,High
U0762,8,3,1,0.0,0.0,278.11,1.0,12,Medium
U0763,2,2,1,22.0,0.0,0.0,0.0,5,High
U0764,6,6,1,0.0,0.0,0.0,0.0,13,Medium
U0765,9,9,1,0.0,0.0,609.66,2.0,19,Medium
U0766,15,5,1,42.0,1.0,0.0,0.0,21,Low
U0767,12,12,1,27.0,1.0,0.0,0.0,25,Low
U0768,11,3,1,0.0,0.0,0.0,0.0,15,Medium
U0769,9,4,1,24.0,0.0,0.0,0.0,14,Medium
U0770,4,2,1,0.0,0.0,0.0,0.0,7,High
U0771,13,8,1,26.666666666666668,2.0,143.78,1.0,22,Low
U0772,6,5,1,0.0,0.0,383.66999999999996,2.0,12,Medium
U0773,6,4,1,0.0,0.0,0.0,0.0,11,Medium
U0774,3,3,1,36.0,0.0,0.0,0.0,7,High
U0775,2,2,1,0.0,0.0,878.65,2.0,5,High
U0776,12,12,1,15.5,2.0,745.05,4.0,25,Low
U0777,9,7,1,0.0,0.0,423.22,1.0,17,Medium
U0778,14,10,1,48.0,0.0,301.64,1.0,25,Low
U0779,3,2,1,28.0,1.0,411.61,1.0,6,Medium
U0780,2,2,1,38.0,0.0,0.0,0.0,5,High
U0781,11,9,1,0.0,0.0,519.33,2.0,21,Low
U0782,3,3,1,0.0,0.0,273.43,1.0,7,High
U0783,10,3,1,27.0,1.0,605.1600000000001,2.0,14,Medium
U0784,7,5,1,0.0,0.0,480.61,2.0,13,Medium
U0785,14,2,1,0.0,0.0,292.52,1.0,17,Medium
U0786,3,2,1,11.0,1.0,530.9,2.0,6,Medium
U0787,3,2,1,0.0,0.0,0.0,0.0,6,High
U0788,6,5,1,0.0,0.0,349.19,1.0,12,Medium
U0789,14,2,1,30.0,0.0,219.53,2.0,17,Medium
U0790,4,3,1,39.0,1.0,400.78,1.0,8,Medium
U0791,11,5,1,0.0,0.0,0.0,0.0,17,Medium
U0792,9,2,1,0.0,0.0,586.71,2.0,12,Medium
U0793,11,3,1,0.0,0.0,450.8,2.0,15,Medium
U0794,10,3,1,0.0,0.0,0.0,0.0,14,Medium
U0795,11,10,1,29.0,1.0,648.9,3.0,22,Low
U0796,6,5,1,0.0,0.0,197.57,1.0,12,Medium
U0797,14,14,1,23.0,0.0,17.66,1.0,29,Low
U0798,2,1,1,0.0,0.0,211.88,1.0,4,High
U0799,13,10,1,0.0,0.0,0.0,0.0,24,Low
U0800,11,4,1,0.0,0.0,0.0,0.0,16,Medium
U0801,7,5,1,0.0,0.0,105.9,1.0,13,Medium
U0802,1,1,1,0.0,0.0,971.4100000000001,3.0,3,High
U0803,9,5,1,25.0,1.0,0.0,0.0,15,Medium
U0804,5,4,1,8.5,1.0,287.93,1.0,10,Medium
U0805,13,13,1,22.0,1.0,464.04,1.0,27,Low
U0806,7,3,1,27.0,0.0,0.0,0.0,11,Medium
U0807,2,1,1,0.0,0.0,49.67,1.0,4,High
U0808,8,7,1,0.0,0.0,232.11,1.0,16,Medium
U0809,8,4,1,38.0,1.0,477.03,2.0,13,Medium
U0810,10,3,1,7.0,1.0,0.0,0.0,14,Medium
U0811,14,12,1,0.0,0.0,76.69,1.0,27,Low
U0812,12,6,1,0.0,0.0,271.05,1.0,19,Medium
U0813,3,2,1,0.0,0.0,0.0,0.0,6,High
U0814,9,2,1,0.0,0.0,103.92,1.0,12,Medium
U0815,4,4,1,24.0,0.0,0.0,0.0,9,High
U0816,5,4,1,41.0,1.0,401.88,1.0,10,Medium
U0817,3,1,1,0.0,0.0,563.81,2.0,5,High
U0818,5,4,1,3.5,0.0,0.0,0.0,10,Medium
U0819,7,2,1,24.0,0.0,1563.38,5.0,10,Medium
U0820,14,6,1,8.0,1.0,0.0,0.0,21,Low
U0821,12,6,1,0.0,0.0,499.83000000000004,2.0,19,Medium
U0822,13,3,1,0.0,0.0,0.0,0.0,17,Medium
U0823,9,8,1,14.0,0.0,0.0,0.0,18,Medium
U0824,15,5,1,23.5,1.0,368.98,2.0,21,Low
U0825,1,1,1,23.5,0.0,369.26,1.0,3,High
U0826,9,8,1,7.0,1.0,468.4,1.0,18,Medium
U0827,4,3,1,34.0,1.0,110.61,1.0,8,Medium
U0828,1,1,1,38.0,1.0,244.33,2.0,3,Medium
U0829,10,8,1,0.0,0.0,23.38,1.0,19,Medium
U0830,9,1,1,0.0,0.0,0.0,0.0,11,Medium
U0831,7,2,1,0.0,0.0,0.0,0.0,10,Medium
U0832,12,6,1,0.0,0.0,316.64,1.0,19,Medium
U0833,6,1,1,38.0,1.0,239.46,1.0,8,Medium
U0834,1,1,1,41.0,1.0,141.82,1.0,3,Medium
U0835,9,5,1,0.0,0.0,0.0,0.0,15,Medium
U0836,7,5,1,20.0,0.0,168.11,1.0,13,Medium
U0837,13,9,1,0.0,0.0,861.81,2.0,23,Low
U0838,14,10,1,18.0,0.0,0.0,0.0,25,Low
U0839,10,2,1,0.0,0.0,462.47,1.0,13,Medium
U0840,2,2,1,0.0,0.0,275.39,1.0,5,High
U0841,13,6,1,5.0,0.0,576.71,2.0,20,Low
U0842,6,2,1,0.0,0.0,837.1,3.0,9,High
U0843,10,9,1,0.0,0.0,473.44000000000005,2.0,20,Low
U0844,9,1,1,28.5,2.0,497.38,3.0,11,Medium
U0845,1,1,1,12.5,0.0,352.26,1.0,3,High
U0846,13,8,1,0.0,0.0,495.9,2.0,22,Low
U0847,8,3,1,14.0,0.0,451.1,1.0,12,Medium
U0848,15,9,1,0.0,0.0,185.4,1.0,25,Low
U0849,6,5,1,34.0,2.0,0.0,0.0,12,Medium
U0850,3,2,1,38.0,1.0,133.91,1.0,6,Medium
U0851,12,5,1,0.0,0.0,365.29,1.0,18,Medium
U0852,6,5,1,27.0,0.0,415.46000000000004,2.0,12,Medium
U0853,9,8,1,0.0,0.0,1381.85,4.0,18,Medium
U0854,5,4,1,0.0,0.0,0.0,0.0,10,Medium
U0855,6,3,1,17.5,1.0,484.80999999999995,2.0,10,Medium
U0856,2,2,1,35.0,0.0,198.02,2.0,5,High
U0857,5,1,1,12.0,0.0,0.0,0.0,7,High
U0858,8,5,1,19.0,1.0,719.12,3.0,14,Medium
U0859,13,13,1,0.0,0.0,0.0,0.0,27,Low
U0860,10,4,1,1.0,0.0,492.06,1.0,15,Medium
U0861,10,8,1,0.0,0.0,200.49,2.0,19,Medium
U0862,9,7,1,0.0,0.0,761.39,3.0,17,Medium
U0863,14,11,1,0.0,0.0,0.0,0.0,26,Low
U0864,1,1,1,46.0,1.0,32.18,1.0,3,Medium
U0865,1,1,1,36.0,0.0,211.03,1.0,3,High
U0866,7,2,1,44.0,0.0,301.85,2.0,10,Medium
U0867,12,4,1,0.0,0.0,255.21,1.0,17,Medium
U0868,9,8,1,0.0,0.0,1800.76,5.0,18,Medium
U0869,12,3,1,14.0,1.0,353.2,1.0,16,Medium
U0870,4,3,1,0.0,0.0,0.0,0.0,8,High
U0871,8,7,1,14.0,0.0,0.0,0.0,16,Medium
U0872,3,2,1,42.0,1.0,0.0,0.0,6,Medium
U0873,6,5,1,14.666666666666666,1.0,0.0,0.0,12,Medium
U0874,11,11,1,0.0,0.0,0.0,0.0,23,Low
U0875,13,12,1,0.0,0.0,376.1,2.0,26,Low
U0876,10,8,1,48.0,1.0,392.59,1.0,19,Medium
U0877,4,3,1,0.0,0.0,20.63,1.0,8,High
U0878,5,2,1,44.0,1.0,0.0,0.0,8,Medium
U0879,13,5,1,15.0,1.0,217.31,2.0,19,Medium
U0880,4,4,1,0.0,0.0,0.0,0.0,9,High
U0881,8,6,1,7.0,1.0,613.38,2.0,15,Medium
U0882,15,15,1,11.0,1.0,181.08999999999997,2.0,31,Low
U0883,5,1,1,0.0,0.0,0.0,0.0,7,High
U0884,11,9,1,31.5,0.0,161.41,1.0,21,Low
U0885,15,7,1,19.0,0.0,0.0,0.0,23,Low
U0886,13,13,1,31.0,1.0,19.35,1.0,27,Low
U0887,5,1,1,23.0,1.0,121.51,1.0,7,Medium
U0888,12,2,1,0.0,0.0,694.99,2.0,15,Medium
U0889,15,8,1,15.0,0.0,0.0,0.0,24,Low
U0890,5,4,1,41.0,0.0,91.4,1.0,10,Medium
U0891,4,3,1,0.0,0.0,376.36,1.0,8,High
U0892,12,5,1,0.0,0.0,0.0,0.0,18,Medium
U0893,2,1,1,0.0,0.0,296.31,1.0,4,High
U0894,1,1,1,15.0,1.0,427.24,1.0,3,Medium
U0895,4,1,1,38.0,1.0,890.1700000000001,2.0,6,Medium
U0896,7,3,1,24.0,0.0,208.63,1.0,11,Medium
U0897,2,1,1,0.0,0.0,0.0,0.0,4,High
U0898,9,3,1,0.0,0.0,155.85,1.0,13,Medium
U0899,11,8,1,20.0,0.0,338.8,2.0,20,Low
U0900,11,4,1,0.0,0.0,181.38,2.0,16,Medium
U0901,6,3,1,0.0,0.0,0.0,0.0,10,Medium
U0902,1,1,1,0.0,0.0,313.42,1.0,3,High
U0903,10,4,1,35.0,0.0,552.11,2.0,15,Medium
U0904,12,12,1,11.0,0.0,54.19,1.0,25,Low
U0905,15,15,1,0.0,0.0,437.70000000000005,2.0,31,Low
U0906,7,7,1,0.0,0.0,596.69,3.0,15,Medium
U0907,15,15,1,0.0,0.0,211.44,1.0,31,Low
U0908,14,7,1,0.0,0.0,0.0,0.0,22,Low
U0909,3,3,1,0.0,0.0,315.94,1.0,7,High
U0910,15,1,1,47.0,1.0,64.37,1.0,17,Medium
U0911,5,5,1,22.0,0.0,0.0,0.0,11,Medium
U0912,2,2,1,42.0,0.0,772.96,2.0,5,High
U0913,8,8,1,13.0,1.0,46.03,1.0,17,Medium
U0914,14,9,1,0.0,0.0,473.66,1.0,24,Low
U0915,5,2,1,0.0,0.0,214.4,1.0,8,High
U0916,6,2,1,47.0,1.0,0.0,0.0,9,Medium
U0917,11,5,1,0.0,0.0,470.15,1.0,17,Medium
U0918,1,1,1,0.0,0.0,779.04,2.0,3,High
U0919,10,4,1,32.5,1.0,0.0,0.0,15,Medium
U0920,10,7,1,0.0,0.0,627.7,2.0,18,Medium
U0921,9,6,1,0.0,0.0,0.0,0.0,16,Medium
U0922,7,6,1,0.0,0.0,78.32,1.0,14,Medium
U0923,3,1,1,18.0,1.0,449.42,1.0,5,Medium
U0924,6,2,1,0.0,0.0,0.0,0.0,9,High
U0925,5,4,1,0.0,0.0,827.3,3.0,10,Medium
U0926,8,5,1,0.0,0.0,553.2,2.0,14,Medium
U0927,5,5,1,16.5,0.0,441.91,2.0,11,Medium
U0928,1,1,1,0.0,0.0,0.0,0.0,3,High
U0929,6,6,1,35.0,0.0,487.32,1.0,13,Medium
U0930,1,1,1,0.0,0.0,0.0,0.0,3,High
U0931,5,2,1,35.0,1.0,506.44,3.0,8,Medium
U0932,11,9,1,39.0,0.0,0.0,0.0,21,Low
U0933,13,5,1,22.0,1.0,129.05,2.0,19,Medium
U0934,2,2,1,37.0,0.0,0.0,0.0,5,High
U0935,10,4,1,0.0,0.0,287.09,1.0,15,Medium
U0936,3,2,1,46.0,0.0,0.0,0.0,6,High
U0937,8,6,1,26.0,1.0,0.0,0.0,15,Medium
U0938,12,9,1,0.0,0.0,319.36,1.0,22,Low
U0939,13,9,1,0.0,0.0,0.0,0.0,23,Low
U0940,14,4,1,8.5,0.0,0.0,0.0,19,Medium
U0941,11,10,1,44.0,1.0,361.72,1.0,22,Low
U0942,9,8,1,0.0,0.0,260.52,1.0,18,Medium
U0943,12,6,1,2.5,0.0,0.0,0.0,19,Medium
U0944,15,10,1,46.0,1.0,1250.7,4.0,26,Low
U0945,1,1,1,6.0,1.0,330.07,2.0,3,Medium
U0946,9,3,1,0.0,0.0,1125.8,3.0,13,Medium
U0947,6,5,1,36.666666666666664,3.0,461.03,1.0,12,Medium
U0948,2,1,1,0.0,0.0,571.78,2.0,4,High
U0949,8,2,1,0.0,0.0,361.52,1.0,11,Medium
U0950,8,1,1,0.0,0.0,468.44,2.0,10,Medium
U0951,3,3,1,0.0,0.0,86.47,1.0,7,High
U0952,8,1,1,30.0,1.0,0.0,0.0,10,Medium
U0953,8,5,1,0.0,0.0,352.51,1.0,14,Medium
U0954,7,3,1,0.0,0.0,95.06,2.0,11,Medium
U0955,12,4,1,0.0,0.0,627.39,2.0,17,Medium
U0956,2,1,1,0.0,0.0,787.8800000000001,2.0,4,High
U0957,6,6,1,0.0,0.0,0.0,0.0,13,Medium
U0958,9,1,1,0.0,0.0,366.04,1.0,11,Medium
U0959,15,8,1,0.0,0.0,0.0,0.0,24,Low
U0960,5,4,1,0.0,0.0,0.0,0.0,10,Medium
U0961,13,3,1,0.0,0.0,395.59,2.0,17,Medium
U0962,12,11,1,15.0,0.0,69.19,1.0,24,Low
U0963,6,4,1,0.0,0.0,436.4,1.0,11,Medium
U0964,14,7,1,0.0,0.0,0.0,0.0,22,Low
U0965,2,1,1,0.0,0.0,0.0,0.0,4,High
U0966,14,6,1,24.0,0.0,158.79,1.0,21,Low
U0967,3,3,1,0.0,0.0,616.98,2.0,7,High
U0968,9,3,1,0.0,0.0,600.69,2.0,13,Medium
U0969,14,1,1,0.0,0.0,151.1,1.0,16,Medium
U0970,5,4,1,15.0,0.0,67.5,1.0,10,Medium
U0971,12,9,1,26.0,2.0,73.37,1.0,22,Low
U0972,9,7,1,40.0,0.0,180.44,1.0,17,Medium
U0973,4,4,1,0.0,0.0,141.95,1.0,9,High
U0974,3,2,1,4.0,1.0,700.87,2.0,6,Medium
U0975,15,15,1,0.0,0.0,0.0,0.0,31,Low
U0976,1,1,1,20.0,0.0,495.45,1.0,3,High
U0977,13,1,1,0.0,0.0,292.69,1.0,15,Medium
U0978,4,1,1,0.0,0.0,0.0,0.0,6,High
U0979,10,1,1,39.5,1.0,0.0,0.0,12,Medium
U0980,10,1,1,0.0,0.0,0.0,0.0,12,Medium
U0981,12,1,1,0.0,0.0,724.99,2.0,14,Medium
U0982,8,4,1,35.5,2.0,0.0,0.0,13,Medium
U0983,4,1,1,0.0,0.0,418.21,1.0,6,High
U0984,9,5,1,46.0,0.0,11.73,1.0,15,Medium
U0985,14,12,1,46.0,0.0,158.64,1.0,27,Low
U0986,6,5,1,0.0,0.0,144.73,1.0,12,Medium
U0987,13,11,1,0.0,0.0,681.95,2.0,25,Low
U0988,4,3,1,20.0,0.0,0.0,0.0,8,High
U0989,11,9,1,19.0,2.0,53.7,1.0,21,Low
U0990,7,3,1,0.0,0.0,377.17,1.0,11,Medium
U0991,1,1,1,21.0,0.0,361.78999999999996,2.0,3,High
U0992,11,7,1,25.0,1.0,30.15,1.0,19,Medium
U0993,8,1,1,0.0,0.0,357.60999999999996,2.0,10,Medium
U0994,11,11,1,0.0,0.0,957.41,3.0,23,Low
U0995,13,9,1,41.0,1.0,766.0699999999999,2.0,23,Low
U0996,12,7,1,0.0,0.0,0.0,0.0,20,Low
U0997,3,2,1,0.0,0.0,125.62,1.0,6,High
U0998,3,3,1,0.0,0.0,691.57,3.0,7,High
U0999,4,2,1,36.0,0.0,393.01,1.0,7,High
U1000,14,12,1,18.0,0.0,440.51,2.0,27,Low
