User_ID,Session_Date,Page_Views,Clicks
U0001,2024-02-11,2,1
U0002,2023-11-10,4,2
U0003,2023-10-06,12,2
U0004,2024-02-21,12,9
U0005,2023-09-23,10,7
U0006,2023-09-09,1,1
U0007,2023-10-26,4,1
U0008,2024-01-22,4,4
U0009,2023-10-27,8,5
U0010,2023-09-02,13,13
U0011,2023-10-11,12,7
U0012,2023-11-27,5,2
U0013,2023-10-26,13,6
U0014,2023-09-27,2,2
U0015,2023-09-25,6,3
U0016,2024-02-02,5,1
U0017,2023-12-27,9,2
U0018,2023-12-06,2,2
U0019,2024-02-08,10,6
U0020,2024-01-26,4,1
U0021,2023-09-12,11,4
U0022,2023-11-14,2,1
U0023,2023-09-26,7,3
U0024,2023-12-26,11,6
U0025,2023-10-12,6,3
U0026,2023-10-24,11,5
U0027,2024-02-27,15,11
U0028,2024-02-13,2,1
U0029,2024-01-15,12,4
U0030,2023-10-12,8,7
U0031,2023-11-09,15,11
U0032,2024-02-24,9,4
U0033,2024-02-23,6,1
U0034,2023-10-29,14,1
U0035,2023-11-20,7,3
U0036,2023-09-17,4,3
U0037,2023-10-25,11,8
U0038,2023-12-11,15,15
U0039,2024-02-12,8,3
U0040,2023-11-07,3,1
U0041,2024-01-22,9,5
U0042,2024-01-28,7,5
U0043,2023-12-12,6,2
U0044,2023-10-06,9,8
U0045,2023-09-24,13,1
U0046,2023-09-29,3,3
U0047,2023-10-11,13,11
U0048,2023-12-18,10,2
U0049,2023-12-08,7,5
U0050,2023-12-29,9,5
U0051,2024-01-20,14,1
U0052,2024-02-22,12,2
U0053,2024-02-22,15,9
U0054,2023-11-08,13,11
U0055,2023-11-27,2,2
U0056,2023-12-21,3,2
U0057,2023-09-01,12,12
U0058,2023-11-07,9,3
U0059,2024-01-08,15,2
U0060,2024-02-08,5,5
U0061,2024-02-03,4,2
U0062,2023-12-05,13,3
U0063,2024-01-17,13,9
U0064,2023-09-01,10,6
U0065,2024-01-04,1,1
U0066,2023-12-02,15,14
U0067,2023-11-18,4,1
U0068,2023-11-01,15,10
U0069,2023-09-21,2,2
U0070,2023-09-18,13,9
U0071,2023-10-03,3,3
U0072,2023-12-31,9,3
U0073,2023-11-07,9,7
U0074,2023-10-25,15,9
U0075,2024-02-24,4,3
U0076,2023-12-12,11,11
U0077,2023-12-05,8,8
U0078,2023-10-01,4,2
U0079,2023-09-17,6,1
U0080,2024-01-29,9,4
U0081,2024-01-29,4,1
U0082,2023-09-19,12,11
U0083,2023-09-16,4,1
U0084,2023-09-09,14,6
U0085,2023-09-19,9,4
U0086,2023-11-11,11,8
U0087,2023-10-25,9,3
U0088,2024-01-25,10,8
U0089,2023-11-02,13,8
U0090,2023-12-14,4,1
U0091,2023-09-25,11,7
U0092,2023-11-30,7,4
U0093,2023-12-29,14,12
U0094,2023-09-14,11,11
U0095,2024-02-13,2,1
U0096,2023-12-13,12,6
U0097,2023-09-28,4,2
U0098,2023-10-19,9,8
U0099,2023-10-06,7,2
U0100,2023-11-11,8,4
U0101,2023-09-20,8,2
U0102,2023-09-13,11,9
U0103,2023-09-04,2,1
U0104,2023-10-13,7,4
U0105,2024-01-02,4,4
U0106,2023-09-16,3,2
U0107,2023-09-01,7,3
U0108,2023-12-26,5,4
U0109,2024-02-26,12,9
U0110,2024-02-17,12,8
U0111,2023-10-10,4,3
U0112,2023-10-26,1,1
U0113,2023-11-20,1,1
U0114,2024-01-28,8,3
U0115,2023-09-15,9,2
U0116,2023-10-18,2,1
U0117,2024-02-20,14,4
U0118,2023-12-13,2,1
U0119,2024-01-27,10,1
U0120,2024-02-06,2,2
U0121,2024-02-16,10,10
U0122,2024-01-12,6,3
U0123,2023-10-23,11,6
U0124,2023-11-01,5,4
U0125,2023-10-04,11,11
U0126,2023-11-16,8,6
U0127,2023-09-19,1,1
U0128,2024-02-07,10,2
U0129,2023-09-19,9,4
U0130,2024-01-08,5,2
U0131,2023-11-29,15,2
U0132,2023-11-02,6,3
U0133,2023-10-11,8,5
U0134,2024-02-04,13,11
U0135,2024-01-14,1,1
U0136,2024-02-17,2,1
U0137,2023-11-07,2,1
U0138,2024-01-20,3,2
U0139,2023-11-12,10,4
U0140,2023-11-27,4,3
U0141,2024-01-08,8,5
U0142,2023-09-14,2,2
U0143,2023-11-10,1,1
U0144,2023-11-25,13,3
U0145,2024-02-11,5,2
U0146,2023-12-23,9,7
U0147,2024-01-22,1,1
U0148,2023-09-20,15,12
U0149,2023-10-09,9,1
U0150,2023-12-04,10,9
U0151,2023-10-08,7,2
U0152,2023-09-11,5,3
U0153,2023-09-11,15,6
U0154,2023-10-24,11,4
U0155,2024-02-18,2,2
U0156,2024-01-22,15,14
U0157,2023-12-14,10,3
U0158,2023-10-31,14,3
U0159,2023-10-16,15,7
U0160,2023-09-07,3,3
U0161,2023-11-25,13,7
U0162,2024-02-19,14,12
U0163,2023-11-03,5,2
U0164,2024-02-27,2,2
U0165,2023-09-10,14,8
U0166,2023-10-27,4,4
U0167,2023-11-29,5,2
U0168,2023-10-28,1,1
U0169,2023-12-12,6,3
U0170,2023-09-18,13,5
U0171,2023-11-29,11,9
U0172,2023-12-12,11,9
U0173,2023-11-24,1,1
U0174,2023-11-06,3,3
U0175,2023-11-07,1,1
U0176,2024-01-31,7,3
U0177,2023-11-20,7,5
U0178,2024-01-09,2,2
U0179,2024-01-26,4,3
U0180,2023-09-12,12,7
U0181,2023-09-01,9,9
U0182,2024-02-23,12,12
U0183,2024-02-19,4,3
U0184,2023-12-20,2,2
U0185,2024-02-07,6,6
U0186,2023-10-02,12,5
U0187,2024-01-08,5,4
U0188,2023-11-23,7,6
U0189,2023-11-15,9,3
U0190,2023-10-20,7,6
U0191,2023-12-07,11,3
U0192,2024-02-05,10,5
U0193,2023-12-13,9,1
U0194,2023-11-17,5,2
U0195,2023-12-20,13,10
U0196,2024-02-03,11,6
U0197,2023-12-29,8,8
U0198,2024-02-20,4,4
U0199,2023-10-14,11,2
U0200,2023-11-12,9,6
U0201,2023-09-24,14,13
U0202,2023-10-31,11,5
U0203,2023-10-28,13,4
U0204,2023-10-08,1,1
U0205,2023-11-02,8,2
U0206,2023-12-26,7,6
U0207,2024-01-26,4,4
U0208,2024-01-05,7,2
U0209,2023-10-08,11,1
U0210,2023-09-28,13,7
U0211,2023-10-27,3,3
U0212,2024-01-11,8,1
U0213,2024-01-21,4,1
U0214,2023-12-26,3,2
U0215,2024-02-18,9,9
U0216,2024-01-31,6,4
U0217,2024-02-04,14,12
U0218,2024-01-08,7,7
U0219,2024-01-19,8,3
U0220,2023-12-31,8,5
U0221,2023-11-03,14,11
U0222,2023-11-10,13,13
U0223,2024-01-12,8,4
U0224,2023-11-10,8,2
U0225,2023-11-13,4,3
U0226,2023-11-25,6,5
U0227,2023-09-21,3,1
U0228,2023-10-30,7,6
U0229,2023-10-10,12,4
U0230,2023-09-17,7,4
U0231,2023-11-24,9,8
U0232,2023-12-16,1,1
U0233,2023-12-17,7,7
U0234,2024-01-28,12,1
U0235,2024-01-26,7,4
U0236,2023-09-02,6,3
U0237,2023-12-09,14,14
U0238,2023-12-17,9,9
U0239,2024-02-02,15,4
U0240,2024-01-03,4,3
U0241,2023-12-21,8,1
U0242,2023-12-09,6,6
U0243,2024-02-21,13,7
U0244,2023-10-13,14,8
U0245,2023-10-03,10,9
U0246,2023-09-07,15,7
U0247,2024-01-30,10,1
U0248,2023-09-22,11,7
U0249,2023-10-05,14,8
U0250,2023-10-17,1,1
U0251,2023-12-07,6,2
U0252,2023-12-26,6,3
U0253,2023-12-07,5,4
U0254,2023-11-04,14,2
U0255,2023-12-30,1,1
U0256,2023-11-29,4,1
U0257,2024-02-14,1,1
U0258,2023-11-03,4,1
U0259,2024-02-07,3,1
U0260,2023-10-03,8,2
U0261,2024-01-23,4,4
U0262,2024-02-27,5,3
U0263,2023-10-13,10,10
U0264,2023-09-30,13,3
U0265,2023-11-19,2,1
U0266,2023-11-19,10,7
U0267,2023-12-11,12,4
U0268,2023-09-20,10,4
U0269,2023-09-27,12,5
U0270,2024-02-23,10,2
U0271,2024-01-23,13,1
U0272,2023-11-28,9,7
U0273,2024-02-17,6,1
U0274,2024-01-08,11,6
U0275,2023-09-04,14,7
U0276,2024-01-04,2,2
U0277,2023-12-02,11,8
U0278,2023-10-10,7,2
U0279,2024-01-12,11,5
U0280,2024-02-05,13,9
U0281,2024-01-02,8,7
U0282,2024-01-30,5,3
U0283,2023-11-02,14,2
U0284,2023-11-11,15,8
U0285,2023-11-02,13,8
U0286,2024-01-24,10,7
U0287,2023-11-26,1,1
U0288,2023-11-23,3,2
U0289,2023-10-25,6,3
U0290,2023-11-27,5,5
U0291,2024-02-27,15,5
U0292,2024-01-21,1,1
U0293,2023-09-22,4,4
U0294,2024-01-04,9,4
U0295,2024-02-24,8,8
U0296,2023-12-24,13,1
U0297,2023-09-24,5,2
U0298,2023-12-13,12,4
U0299,2023-11-18,11,10
U0300,2023-12-04,8,6
U0301,2023-12-18,12,9
U0302,2023-11-24,6,6
U0303,2023-12-26,5,3
U0304,2023-11-04,4,1
U0305,2023-10-20,6,1
U0306,2024-01-16,13,12
U0307,2023-10-18,4,2
U0308,2024-01-02,5,5
U0309,2024-01-13,10,5
U0310,2023-09-26,14,4
U0311,2023-11-15,4,3
U0312,2023-10-16,5,1
U0313,2024-01-15,3,2
U0314,2023-09-12,1,1
U0315,2024-02-26,3,3
U0316,2024-01-04,2,1
U0317,2024-01-25,5,4
U0318,2024-01-01,8,6
U0319,2023-10-18,1,1
U0320,2024-01-01,2,1
U0321,2023-12-12,8,2
U0322,2024-01-26,11,11
U0323,2023-09-14,3,1
U0324,2024-01-23,5,1
U0325,2023-11-03,2,2
U0326,2024-02-03,10,10
U0327,2023-10-28,13,9
U0328,2023-12-07,8,8
U0329,2023-11-16,14,10
U0330,2023-12-19,5,5
U0331,2024-02-06,1,1
U0332,2023-10-24,11,4
U0333,2023-11-07,11,2
U0334,2023-10-11,4,2
U0335,2024-01-20,2,1
U0336,2023-09-01,7,4
U0337,2024-02-24,10,8
U0338,2023-11-14,1,1
U0339,2023-11-13,12,5
U0340,2024-02-27,14,8
U0341,2023-09-19,11,4
U0342,2023-11-07,13,13
U0343,2024-02-08,10,4
U0344,2023-12-18,2,1
U0345,2024-02-13,3,2
U0346,2023-10-07,2,1
U0347,2023-10-13,13,5
U0348,2024-01-31,12,10
U0349,2023-11-13,8,2
U0350,2023-12-29,12,5
U0351,2024-02-27,7,3
U0352,2024-01-07,9,8
U0353,2023-12-22,2,1
U0354,2023-12-20,12,6
U0355,2024-02-02,5,1
U0356,2023-09-24,4,1
U0357,2024-02-20,14,5
U0358,2024-01-26,1,1
U0359,2023-12-30,9,8
U0360,2023-11-11,3,3
U0361,2023-12-21,11,8
U0362,2023-09-24,8,6
U0363,2023-12-14,6,3
U0364,2024-02-19,2,1
U0365,2023-11-24,7,6
U0366,2024-01-05,5,4
U0367,2024-01-19,1,1
U0368,2023-09-23,6,3
U0369,2023-11-22,2,2
U0370,2024-01-10,14,1
U0371,2024-02-16,14,9
U0372,2023-12-28,7,1
U0373,2023-10-19,9,6
U0374,2024-02-07,13,8
U0375,2024-02-08,8,1
U0376,2023-10-23,5,5
U0377,2023-10-04,15,5
U0378,2023-12-22,15,12
U0379,2024-01-03,2,1
U0380,2024-02-09,10,4
U0381,2023-10-11,5,5
U0382,2023-09-04,9,7
U0383,2023-09-24,4,1
U0384,2023-12-28,2,1
U0385,2024-01-06,15,12
U0386,2023-11-14,9,5
U0387,2023-12-16,14,8
U0388,2023-12-30,4,4
U0389,2024-01-20,3,2
U0390,2023-10-19,15,10
U0391,2024-01-09,12,3
U0392,2023-09-18,5,4
U0393,2023-11-27,15,13
U0394,2024-01-08,5,1
U0395,2023-11-12,12,5
U0396,2024-01-29,10,8
U0397,2023-10-09,8,8
U0398,2023-11-28,6,5
U0399,2024-01-18,7,4
U0400,2023-11-22,14,4
U0401,2024-02-26,4,4
U0402,2023-10-30,14,13
U0403,2023-12-15,1,1
U0404,2023-12-31,12,7
U0405,2023-12-08,11,11
U0406,2023-10-09,8,1
U0407,2023-10-03,9,6
U0408,2023-09-26,14,14
U0409,2023-12-22,2,2
U0410,2023-09-04,12,3
U0411,2023-12-14,14,11
U0412,2023-10-10,2,2
U0413,2023-11-07,6,5
U0414,2024-02-25,7,6
U0415,2023-09-21,14,6
U0416,2024-02-20,14,9
U0417,2023-12-07,6,6
U0418,2024-01-03,14,9
U0419,2023-09-10,10,2
U0420,2023-10-31,11,11
U0421,2023-11-13,4,1
U0422,2023-12-21,2,1
U0423,2023-12-23,3,3
U0424,2023-11-16,15,1
U0425,2023-09-12,6,1
U0426,2023-11-15,6,3
U0427,2023-12-20,3,1
U0428,2024-01-14,7,5
U0429,2024-02-22,13,3
U0430,2023-10-14,3,1
U0431,2024-02-04,14,7
U0432,2024-02-06,11,4
U0433,2024-01-06,15,10
U0434,2023-10-07,4,4
U0435,2024-02-11,5,4
U0436,2023-11-05,11,1
U0437,2023-12-29,15,5
U0438,2024-02-21,9,3
U0439,2023-09-19,8,6
U0440,2024-01-29,5,4
U0441,2024-02-24,5,4
U0442,2023-11-17,4,4
U0443,2024-01-02,2,1
U0444,2023-12-07,10,6
U0445,2024-01-26,5,3
U0446,2023-09-06,14,11
U0447,2023-12-11,5,1
U0448,2024-01-23,14,11
U0449,2023-09-13,15,10
U0450,2024-01-06,14,5
U0451,2023-10-29,10,6
U0452,2023-10-27,11,4
U0453,2024-02-06,5,2
U0454,2024-02-08,2,1
U0455,2023-11-19,13,8
U0456,2023-09-09,10,6
U0457,2023-10-04,2,2
U0458,2023-11-23,12,7
U0459,2023-10-15,4,2
U0460,2024-01-17,15,6
U0461,2024-01-14,9,5
U0462,2023-10-13,5,4
U0463,2023-11-15,12,6
U0464,2023-09-30,8,2
U0465,2023-10-07,13,4
U0466,2024-02-21,12,11
U0467,2023-12-11,14,13
U0468,2024-01-21,6,1
U0469,2023-12-11,1,1
U0470,2024-01-16,2,2
U0471,2023-12-04,11,11
U0472,2023-11-07,10,7
U0473,2024-02-11,6,1
U0474,2024-02-20,4,4
U0475,2023-09-07,10,9
U0476,2023-11-23,15,10
U0477,2023-10-27,11,2
U0478,2024-02-10,14,8
U0479,2024-02-27,5,4
U0480,2023-09-30,3,1
U0481,2023-09-10,5,4
U0482,2023-09-30,2,1
U0483,2024-01-16,3,2
U0484,2023-12-26,6,6
U0485,2024-02-26,9,7
U0486,2024-01-29,12,12
U0487,2023-10-10,15,7
U0488,2024-02-15,2,2
U0489,2024-02-05,7,3
U0490,2023-09-09,12,6
U0491,2023-10-26,8,8
U0492,2023-10-31,14,6
U0493,2023-09-26,11,6
U0494,2024-01-18,15,11
U0495,2023-12-01,1,1
U0496,2023-11-10,4,1
U0497,2023-12-26,2,1
U0498,2024-02-12,11,10
U0499,2023-09-06,1,1
U0500,2023-11-02,3,3
U0501,2023-10-23,2,1
U0502,2024-01-29,4,2
U0503,2023-11-24,13,3
U0504,2024-01-31,1,1
U0505,2023-10-08,3,3
U0506,2023-11-04,13,3
U0507,2023-09-29,11,1
U0508,2023-10-04,1,1
U0509,2023-10-31,10,6
U0510,2023-09-05,3,2
U0511,2023-09-14,3,3
U0512,2023-12-17,9,2
U0513,2023-09-17,8,8
U0514,2023-12-02,9,2
U0515,2023-12-25,9,4
U0516,2024-02-05,1,1
U0517,2023-12-27,11,1
U0518,2023-09-16,8,7
U0519,2023-12-19,11,2
U0520,2024-01-04,12,8
U0521,2023-09-19,15,2
U0522,2023-11-22,10,3
U0523,2023-09-17,3,2
U0524,2024-02-07,11,10
U0525,2024-01-19,12,6
U0526,2023-12-07,10,9
U0527,2023-11-15,8,7
U0528,2023-09-26,13,12
U0529,2023-09-30,14,11
U0530,2024-02-14,15,13
U0531,2024-01-20,12,4
U0532,2023-12-20,8,4
U0533,2023-12-15,6,4
U0534,2023-12-12,7,6
U0535,2023-09-25,6,4
U0536,2023-11-20,11,5
U0537,2023-12-05,3,3
U0538,2023-12-31,2,1
U0539,2023-09-22,2,2
U0540,2023-09-25,12,12
U0541,2023-12-05,13,3
U0542,2024-01-21,1,1
U0543,2024-02-19,2,2
U0544,2023-11-30,14,11
U0545,2023-12-18,14,12
U0546,2023-09-14,5,5
U0547,2023-11-19,6,1
U0548,2024-01-26,9,4
U0549,2023-10-10,11,8
U0550,2023-10-28,14,2
U0551,2023-11-29,14,9
U0552,2023-12-04,2,2
U0553,2024-01-25,4,4
U0554,2024-01-22,13,10
U0555,2024-02-05,11,11
U0556,2024-01-21,1,1
U0557,2023-09-08,3,2
U0558,2024-02-27,13,5
U0559,2023-11-26,6,1
U0560,2023-10-17,14,3
U0561,2024-01-23,11,7
U0562,2023-09-18,3,3
U0563,2024-02-10,1,1
U0564,2024-01-14,4,4
U0565,2023-12-17,8,6
U0566,2023-10-11,6,3
U0567,2023-11-23,13,10
U0568,2024-01-31,2,1
U0569,2023-10-10,3,3
U0570,2023-09-13,11,2
U0571,2023-11-09,8,7
U0572,2024-01-03,10,8
U0573,2023-12-16,5,2
U0574,2024-01-10,2,2
U0575,2023-12-20,2,2
U0576,2024-02-21,11,10
U0577,2024-01-03,9,5
U0578,2023-09-12,4,4
U0579,2024-02-01,1,1
U0580,2023-10-23,5,2
U0581,2023-10-06,13,5
U0582,2023-11-14,6,1
U0583,2023-09-02,8,7
U0584,2023-10-15,3,2
U0585,2024-01-15,12,4
U0586,2024-01-07,9,6
U0587,2023-09-19,7,7
U0588,2023-09-11,7,1
U0589,2023-12-27,15,2
U0590,2023-11-20,10,7
U0591,2024-01-25,7,6
U0592,2024-02-11,7,3
U0593,2023-09-30,7,1
U0594,2023-11-23,3,3
U0595,2023-12-27,14,12
U0596,2023-12-02,2,2
U0597,2023-09-28,4,4
U0598,2024-01-29,7,5
U0599,2023-09-21,7,7
U0600,2023-11-19,12,6
U0601,2023-10-27,6,2
U0602,2023-09-20,9,2
U0603,2024-01-14,9,4
U0604,2023-11-29,6,6
U0605,2024-02-13,14,3
U0606,2023-10-31,2,1
U0607,2023-11-05,4,2
U0608,2024-02-02,3,3
U0609,2023-09-20,3,3
U0610,2024-01-05,8,8
U0611,2024-02-22,15,15
U0612,2024-01-23,11,11
U0613,2024-02-07,6,6
U0614,2023-11-20,3,2
U0615,2023-09-18,8,8
U0616,2024-02-09,5,3
U0617,2024-01-30,1,1
U0618,2024-01-08,2,2
U0619,2023-12-28,8,1
U0620,2023-09-15,6,3
U0621,2023-09-20,11,2
U0622,2024-02-05,10,9
U0623,2023-12-08,8,1
U0624,2023-12-25,15,13
U0625,2024-01-25,11,4
U0626,2023-11-22,10,8
U0627,2024-01-07,3,1
U0628,2023-12-25,2,2
U0629,2023-09-22,9,3
U0630,2023-09-11,4,4
U0631,2023-12-22,9,9
U0632,2024-02-04,3,2
U0633,2023-12-05,15,5
U0634,2023-12-09,7,7
U0635,2023-11-26,11,10
U0636,2023-09-14,13,11
U0637,2024-02-13,6,1
U0638,2023-11-24,2,2
U0639,2023-11-12,5,5
U0640,2023-10-09,6,1
U0641,2024-01-28,11,3
U0642,2023-11-29,5,4
U0643,2023-10-04,10,2
U0644,2023-11-19,9,7
U0645,2024-02-12,13,6
U0646,2023-10-03,11,11
U0647,2024-01-13,2,2
U0648,2024-01-09,6,1
U0649,2023-12-02,5,2
U0650,2023-10-25,6,4
U0651,2023-10-20,4,2
U0652,2023-10-10,2,2
U0653,2023-09-26,9,9
U0654,2024-01-13,1,1
U0655,2024-02-06,3,3
U0656,2023-12-06,3,1
U0657,2023-10-17,14,12
U0658,2024-02-07,13,3
U0659,2023-12-22,1,1
U0660,2023-12-03,11,4
U0661,2023-12-23,10,5
U0662,2023-12-24,4,2
U0663,2023-11-19,13,13
U0664,2023-12-30,15,14
U0665,2023-10-20,6,6
U0666,2024-01-25,8,8
U0667,2023-11-12,13,7
U0668,2024-01-07,9,7
U0669,2023-10-12,14,4
U0670,2024-02-02,3,2
U0671,2023-09-14,11,8
U0672,2023-12-05,9,2
U0673,2024-01-11,14,2
U0674,2023-11-12,2,1
U0675,2023-11-09,8,3
U0676,2023-12-21,2,1
U0677,2023-12-25,15,6
U0678,2023-09-07,7,1
U0679,2023-12-11,9,6
U0680,2023-10-31,7,1
U0681,2023-12-05,4,1
U0682,2023-11-21,15,2
U0683,2024-02-14,6,2
U0684,2023-10-06,1,1
U0685,2023-12-30,12,3
U0686,2024-02-28,8,8
U0687,2024-02-05,1,1
U0688,2023-09-05,5,2
U0689,2023-10-09,9,9
U0690,2023-12-18,2,2
U0691,2023-10-31,5,1
U0692,2023-09-13,4,4
U0693,2024-02-11,13,10
U0694,2023-12-27,2,1
U0695,2024-01-06,10,9
U0696,2023-09-05,11,9
U0697,2024-01-26,4,2
U0698,2023-11-14,7,1
U0699,2024-02-05,6,2
U0700,2024-01-25,7,2
U0701,2024-02-18,11,2
U0702,2024-01-13,6,1
U0703,2024-01-13,9,9
U0704,2024-01-08,9,1
U0705,2023-12-09,14,8
U0706,2023-09-12,11,7
U0707,2023-12-05,5,1
U0708,2023-12-01,13,2
U0709,2023-11-28,4,1
U0710,2024-01-27,12,6
U0711,2023-10-05,1,1
U0712,2024-01-18,6,6
U0713,2023-10-15,14,13
U0714,2024-02-23,8,8
U0715,2024-02-09,3,1
U0716,2023-09-17,12,8
U0717,2023-09-10,5,2
U0718,2023-09-12,13,4
U0719,2023-09-11,6,3
U0720,2024-01-10,7,7
U0721,2024-01-18,8,5
U0722,2023-09-10,13,11
U0723,2023-10-19,5,3
U0724,2023-09-13,14,11
U0725,2023-11-24,5,1
U0726,2023-12-04,7,4
U0727,2023-12-22,15,7
U0728,2023-11-26,3,2
U0729,2024-02-25,8,6
U0730,2024-01-11,5,1
U0731,2023-12-18,2,2
U0732,2024-02-02,14,3
U0733,2024-01-18,5,3
U0734,2023-09-27,2,2
U0735,2024-02-17,5,3
U0736,2023-12-24,10,7
U0737,2023-10-13,12,8
U0738,2023-11-29,8,1
U0739,2023-11-30,10,7
U0740,2023-11-10,11,1
U0741,2023-09-20,11,11
U0742,2023-12-13,6,5
U0743,2024-02-21,3,1
U0744,2023-10-07,14,10
U0745,2024-02-21,13,8
U0746,2023-09-09,3,1
U0747,2023-10-31,13,11
U0748,2023-12-03,6,4
U0749,2024-01-24,1,1
U0750,2024-02-21,8,6
U0751,2023-12-05,8,2
U0752,2024-01-25,3,3
U0753,2023-12-03,7,3
U0754,2024-02-14,5,2
U0755,2023-09-30,1,1
U0756,2024-01-06,9,7
U0757,2024-01-22,2,2
U0758,2023-11-06,12,8
U0759,2023-10-25,10,5
U0760,2024-02-25,15,8
U0761,2023-10-22,2,1
U0762,2023-09-19,8,3
U0763,2023-12-23,2,2
U0764,2024-02-18,6,6
U0765,2023-09-17,9,9
U0766,2023-11-14,15,5
U0767,2023-10-11,12,12
U0768,2024-02-27,11,3
U0769,2023-12-02,9,4
U0770,2023-10-02,4,2
U0771,2023-10-31,13,8
U0772,2023-09-07,6,5
U0773,2024-01-25,6,4
U0774,2024-01-20,3,3
U0775,2023-09-23,2,2
U0776,2023-12-11,12,12
U0777,2024-01-01,9,7
U0778,2023-12-14,14,10
U0779,2023-09-19,3,2
U0780,2024-02-12,2,2
U0781,2023-12-29,11,9
U0782,2023-11-28,3,3
U0783,2024-02-11,10,3
U0784,2023-10-04,7,5
U0785,2023-09-15,14,2
U0786,2024-01-11,3,2
U0787,2023-10-13,3,2
U0788,2023-10-28,6,5
U0789,2023-11-12,14,2
U0790,2023-11-04,4,3
U0791,2023-10-03,11,5
U0792,2024-02-05,9,2
U0793,2024-01-07,11,3
U0794,2024-01-30,10,3
U0795,2023-10-14,11,10
U0796,2024-02-02,6,5
U0797,2023-09-11,14,14
U0798,2023-09-08,2,1
U0799,2024-02-12,13,10
U0800,2023-11-07,11,4
U0801,2024-01-25,7,5
U0802,2024-02-11,1,1
U0803,2024-02-08,9,5
U0804,2024-02-12,5,4
U0805,2023-11-02,13,13
U0806,2024-02-23,7,3
U0807,2023-12-26,2,1
U0808,2023-10-11,8,7
U0809,2024-01-02,8,4
U0810,2023-11-27,10,3
U0811,2023-11-20,14,12
U0812,2023-11-21,12,6
U0813,2023-12-12,3,2
U0814,2024-01-10,9,2
U0815,2023-11-21,4,4
U0816,2023-10-02,5,4
U0817,2023-11-03,3,1
U0818,2023-09-13,5,4
U0819,2024-02-05,7,2
U0820,2023-10-11,14,6
U0821,2024-01-26,12,6
U0822,2023-10-19,13,3
U0823,2024-01-06,9,8
U0824,2024-01-06,15,5
U0825,2024-01-06,1,1
U0826,2023-12-10,9,8
U0827,2023-11-01,4,3
U0828,2023-09-13,1,1
U0829,2024-01-05,10,8
U0830,2023-11-13,9,1
U0831,2023-09-28,7,2
U0832,2023-11-07,12,6
U0833,2023-12-13,6,1
U0834,2023-12-12,1,1
U0835,2023-12-02,9,5
U0836,2023-09-19,7,5
U0837,2023-12-25,13,9
U0838,2023-11-11,14,10
U0839,2024-02-22,10,2
U0840,2023-10-03,2,2
U0841,2023-12-05,13,6
U0842,2024-01-21,6,2
U0843,2023-10-21,10,9
U0844,2023-12-12,9,1
U0845,2023-09-12,1,1
U0846,2023-11-25,13,8
U0847,2024-01-11,8,3
U0848,2024-02-03,15,9
U0849,2023-10-06,6,5
U0850,2023-11-21,3,2
U0851,2024-02-05,12,5
U0852,2024-01-30,6,5
U0853,2024-01-09,9,8
U0854,2024-01-23,5,4
U0855,2023-09-05,6,3
U0856,2024-02-20,2,2
U0857,2024-01-28,5,1
U0858,2024-01-31,8,5
U0859,2024-02-15,13,13
U0860,2024-01-27,10,4
U0861,2023-09-14,10,8
U0862,2023-10-14,9,7
U0863,2023-10-08,14,11
U0864,2023-11-02,1,1
U0865,2023-10-19,1,1
U0866,2023-11-20,7,2
U0867,2023-12-15,12,4
U0868,2023-12-15,9,8
U0869,2023-09-16,12,3
U0870,2024-01-11,4,3
U0871,2024-02-17,8,7
U0872,2023-11-20,3,2
U0873,2024-01-15,6,5
U0874,2023-11-30,11,11
U0875,2024-02-12,13,12
U0876,2023-11-07,10,8
U0877,2023-10-20,4,3
U0878,2024-01-21,5,2
U0879,2023-11-16,13,5
U0880,2024-02-28,4,4
U0881,2023-11-21,8,6
U0882,2024-01-22,15,15
U0883,2023-11-10,5,1
U0884,2024-01-25,11,9
U0885,2023-12-07,15,7
U0886,2023-11-28,13,13
U0887,2023-10-08,5,1
U0888,2023-11-13,12,2
U0889,2023-11-28,15,8
U0890,2024-02-15,5,4
U0891,2023-10-25,4,3
U0892,2024-01-22,12,5
U0893,2023-10-06,2,1
U0894,2023-11-02,1,1
U0895,2024-02-11,4,1
U0896,2023-09-26,7,3
U0897,2023-12-30,2,1
U0898,2023-09-02,9,3
U0899,2023-12-14,11,8
U0900,2024-01-01,11,4
U0901,2023-11-13,6,3
U0902,2024-02-13,1,1
U0903,2024-02-14,10,4
U0904,2024-01-15,12,12
U0905,2023-09-10,15,15
U0906,2023-10-15,7,7
U0907,2023-10-16,15,15
U0908,2023-09-10,14,7
U0909,2024-01-05,3,3
U0910,2023-11-14,15,1
U0911,2023-09-03,5,5
U0912,2024-02-02,2,2
U0913,2023-11-12,8,8
U0914,2023-10-05,14,9
U0915,2023-12-29,5,2
U0916,2023-09-29,6,2
U0917,2023-12-27,11,5
U0918,2023-10-18,1,1
U0919,2023-11-15,10,4
U0920,2023-10-15,10,7
U0921,2023-12-19,9,6
U0922,2023-09-23,7,6
U0923,2023-09-25,3,1
U0924,2024-01-01,6,2
U0925,2023-09-02,5,4
U0926,2023-10-31,8,5
U0927,2023-11-24,5,5
U0928,2024-01-25,1,1
U0929,2024-02-15,6,6
U0930,2023-10-31,1,1
U0931,2023-12-29,5,2
U0932,2023-12-13,11,9
U0933,2024-02-28,13,5
U0934,2024-02-24,2,2
U0935,2023-12-04,10,4
U0936,2023-10-27,3,2
U0937,2023-10-10,8,6
U0938,2023-12-16,12,9
U0939,2023-12-30,13,9
U0940,2024-02-18,14,4
U0941,2023-11-03,11,10
U0942,2023-09-21,9,8
U0943,2024-01-14,12,6
U0944,2023-09-20,15,10
U0945,2023-09-29,1,1
U0946,2024-01-25,9,3
U0947,2023-10-13,6,5
U0948,2023-12-23,2,1
U0949,2024-01-28,8,2
U0950,2024-01-09,8,1
U0951,2023-12-26,3,3
U0952,2023-12-16,8,1
U0953,2024-01-22,8,5
U0954,2023-09-06,7,3
U0955,2023-09-01,12,4
U0956,2024-01-27,2,1
U0957,2023-12-18,6,6
U0958,2023-09-17,9,1
U0959,2023-09-18,15,8
U0960,2023-09-09,5,4
U0961,2023-10-17,13,3
U0962,2024-02-12,12,11
U0963,2023-12-17,6,4
U0964,2023-12-24,14,7
U0965,2023-12-06,2,1
U0966,2024-02-15,14,6
U0967,2023-10-01,3,3
U0968,2023-12-10,9,3
U0969,2023-10-28,14,1
U0970,2023-09-06,5,4
U0971,2024-02-20,12,9
U0972,2023-12-18,9,7
U0973,2023-10-29,4,4
U0974,2023-11-28,3,2
U0975,2023-10-19,15,15
U0976,2023-09-29,1,1
U0977,2024-02-05,13,1
U0978,2023-11-01,4,1
U0979,2023-09-26,10,1
U0980,2023-12-24,10,1
U0981,2023-11-02,12,1
U0982,2023-12-12,8,4
U0983,2024-01-17,4,1
U0984,2023-10-06,9,5
U0985,2023-10-30,14,12
U0986,2024-01-26,6,5
U0987,2024-02-01,13,11
U0988,2023-11-22,4,3
U0989,2023-10-07,11,9
U0990,2023-10-27,7,3
U0991,2023-11-10,1,1
U0992,2024-02-08,11,7
U0993,2024-01-21,8,1
U0994,2023-11-28,11,11
U0995,2023-12-07,13,9
U0996,2023-11-21,12,7
U0997,2023-12-14,3,2
U0998,2023-12-06,3,3
U0999,2023-12-31,4,2
U1000,2023-11-16,14,12
